OrderID,OrderDate,CustomerID,ProductID,Region,City,Quantity,Sales,Profit,Discount
ORD5000,2022-04-29,CUST1163,PRD2146,North,Pune,4,1558.12,1033.24,0.21
ORD5001,2023-04-24,CUST1046,PRD2048,North,Ahmedabad,1,96.58,28.43,0.13
ORD5002,2023-06-09,CUST1117,PRD2002,North,Bangalore,7,377.39,-72.15,0.27
ORD5003,2023-07-06,CUST1011,PRD2073,South,Chennai,8,1072.03,151.2,0.27
ORD5004,2024-06-06,CUST1151,PRD2116,South,Chennai,8,1785.76,1091.4,0.13
ORD5005,2023-06-02,CUST1163,PRD2089,South,Chennai,8,2523.62,2218.51,0.02
ORD5006,2023-11-06,CUST1177,PRD2027,North,Chennai,5,1953.01,1518.36,0.13
ORD5007,2022-04-03,CUST1191,PRD2144,North,Delhi,9,2133.09,1396.45,0.22
ORD5008,2022-09-03,CUST1156,PRD2140,North,Ahmedabad,3,573.18,265.69,0.26
ORD5009,2024-04-07,CUST1081,PRD2114,East,Mumbai,5,700.05,331.96,0.27
ORD5010,2024-06-11,CUST1193,PRD2009,South,Pune,8,2322.24,1690.1,0.08
ORD5011,2022-04-17,CUST1108,PRD2004,West,Mumbai,7,1928.06,1270.07,0.07
ORD5012,2023-04-15,CUST1117,PRD2064,West,Jaipur,2,728.62,409.16,0.25
ORD5013,2024-03-25,CUST1176,PRD2010,South,Jaipur,5,515.6,130.54,0.1
ORD5014,2022-06-02,CUST1085,PRD2058,North,Mumbai,1,91.11,-12.66,0.12
ORD5015,2022-06-05,CUST1097,PRD2104,East,Mumbai,3,272.75,103.51,0.24
ORD5016,2023-07-13,CUST1148,PRD2054,West,Mumbai,6,2560.92,2124.61,0.09
ORD5017,2022-07-29,CUST1196,PRD2094,South,Bangalore,5,2231.83,1841.37,0.02
ORD5018,2022-09-15,CUST1180,PRD2022,North,Delhi,5,1108.39,906.83,0.08
ORD5019,2023-12-31,CUST1082,PRD2144,South,Mumbai,5,1768.55,1382.01,0.03
ORD5020,2023-02-07,CUST1109,PRD2000,North,Delhi,3,586.16,364.2,0.14
ORD5021,2024-05-30,CUST1003,PRD2112,West,Pune,8,3193.33,2798.47,0.02
ORD5022,2024-03-23,CUST1091,PRD2094,East,Pune,8,3999.71,3120.74,0.15
ORD5023,2022-10-28,CUST1161,PRD2117,East,Pune,3,1077.59,739.81,0.19
ORD5024,2022-08-21,CUST1011,PRD2053,South,Ahmedabad,5,1528.18,1053.38,0.09
ORD5025,2023-06-19,CUST1056,PRD2144,East,Delhi,7,3334.69,2366.16,0.15
ORD5026,2022-04-18,CUST1084,PRD2141,East,Bangalore,2,578.09,357.18,0.15
ORD5027,2023-07-24,CUST1102,PRD2037,South,Pune,2,873.63,695.91,0.14
ORD5028,2022-01-09,CUST1029,PRD2078,East,Pune,3,1405.77,1018.5,0.14
ORD5029,2023-11-07,CUST1051,PRD2078,South,Bangalore,7,1706.63,1284.53,0.1
ORD5030,2022-10-05,CUST1080,PRD2132,South,Hyderabad,4,895.8,440.56,0.17
ORD5031,2022-03-18,CUST1144,PRD2073,West,Chennai,1,52.54,-20.69,0.01
ORD5032,2023-05-12,CUST1068,PRD2033,North,Pune,6,819.0,81.21,0.26
ORD5033,2022-09-15,CUST1125,PRD2042,East,Mumbai,3,223.03,-97.68,0.2
ORD5034,2022-02-16,CUST1150,PRD2079,West,Hyderabad,6,333.0,141.65,0.13
ORD5035,2024-06-19,CUST1131,PRD2103,West,Mumbai,4,1758.4,1122.33,0.17
ORD5036,2024-02-01,CUST1194,PRD2095,East,Delhi,3,703.89,408.9,0.16
ORD5037,2023-05-15,CUST1159,PRD2060,East,Delhi,3,726.63,519.57,0.13
ORD5038,2023-03-08,CUST1004,PRD2091,North,Ahmedabad,6,1650.33,1095.56,0.12
ORD5039,2023-11-18,CUST1000,PRD2132,West,Pune,9,4126.94,2276.56,0.27
ORD5040,2022-11-30,CUST1045,PRD2033,South,Pune,1,207.0,79.23,0.25
ORD5041,2023-07-05,CUST1044,PRD2072,East,Mumbai,9,1745.9,701.26,0.3
ORD5042,2024-01-24,CUST1055,PRD2093,South,Chennai,1,247.52,173.16,0.01
ORD5043,2023-03-29,CUST1000,PRD2007,East,Delhi,1,345.58,292.83,0.0
ORD5044,2024-03-10,CUST1179,PRD2046,South,Ahmedabad,8,1280.1,489.74,0.08
ORD5045,2023-12-12,CUST1027,PRD2077,South,Delhi,8,859.33,-11.26,0.09
ORD5046,2023-04-07,CUST1153,PRD2013,East,Jaipur,8,2409.56,1576.22,0.25
ORD5047,2022-11-06,CUST1002,PRD2110,South,Bangalore,7,3424.31,2939.13,0.05
ORD5048,2023-12-03,CUST1017,PRD2037,East,Jaipur,3,724.59,627.71,0.03
ORD5049,2022-05-07,CUST1191,PRD2118,West,Pune,5,711.76,283.96,0.02
ORD5050,2022-10-28,CUST1038,PRD2016,South,Pune,7,967.55,470.17,0.16
ORD5051,2022-09-17,CUST1125,PRD2043,North,Delhi,9,4348.13,3626.24,0.02
ORD5052,2022-01-09,CUST1024,PRD2067,North,Delhi,3,256.27,9.44,0.09
ORD5053,2023-03-25,CUST1145,PRD2110,East,Ahmedabad,4,202.98,2.06,0.29
ORD5054,2023-06-26,CUST1033,PRD2110,West,Mumbai,8,2130.91,1402.44,0.12
ORD5055,2023-04-25,CUST1082,PRD2041,North,Ahmedabad,9,3631.34,2175.87,0.17
ORD5056,2022-08-24,CUST1179,PRD2025,East,Hyderabad,2,207.89,-8.22,0.23
ORD5057,2023-03-10,CUST1058,PRD2108,North,Mumbai,6,525.13,-53.48,0.12
ORD5058,2022-09-26,CUST1032,PRD2149,South,Ahmedabad,5,1752.71,1377.61,0.06
ORD5059,2022-05-12,CUST1111,PRD2003,East,Mumbai,8,2721.45,1843.63,0.19
ORD5060,2023-08-22,CUST1130,PRD2030,North,Chennai,8,457.91,-327.27,0.05
ORD5061,2022-06-25,CUST1151,PRD2005,West,Chennai,2,278.67,189.32,0.11
ORD5062,2022-05-08,CUST1074,PRD2003,South,Mumbai,6,2349.01,1431.87,0.19
ORD5063,2023-11-23,CUST1093,PRD2061,South,Jaipur,9,3855.7,2432.75,0.14
ORD5064,2022-02-02,CUST1135,PRD2025,North,Chennai,3,650.39,445.54,0.11
ORD5065,2023-03-09,CUST1132,PRD2069,West,Bangalore,6,680.02,11.71,0.23
ORD5066,2022-11-11,CUST1019,PRD2112,South,Ahmedabad,1,84.7,-3.52,0.14
ORD5067,2023-11-06,CUST1063,PRD2037,South,Bangalore,5,1787.34,1289.41,0.07
ORD5068,2023-06-03,CUST1099,PRD2076,North,Ahmedabad,3,738.41,367.16,0.23
ORD5069,2023-01-21,CUST1177,PRD2009,East,Pune,5,563.43,4.65,0.27
ORD5070,2022-03-03,CUST1171,PRD2129,South,Chennai,8,3030.92,2025.07,0.27
ORD5071,2023-11-21,CUST1064,PRD2062,North,Mumbai,5,2245.35,1877.78,0.01
ORD5072,2024-01-18,CUST1008,PRD2142,South,Jaipur,8,3007.45,2530.4,0.02
ORD5073,2023-12-20,CUST1162,PRD2093,North,Ahmedabad,1,156.19,90.13,0.02
ORD5074,2023-12-26,CUST1187,PRD2077,West,Bangalore,5,308.21,-157.33,0.07
ORD5075,2024-01-05,CUST1136,PRD2075,East,Mumbai,3,1184.74,575.98,0.3
ORD5076,2023-10-14,CUST1039,PRD2063,West,Hyderabad,6,2197.69,1621.57,0.15
ORD5077,2023-11-24,CUST1092,PRD2071,North,Ahmedabad,9,3305.83,1662.51,0.25
ORD5078,2024-02-13,CUST1059,PRD2029,North,Delhi,3,1252.87,761.19,0.27
ORD5079,2023-02-20,CUST1004,PRD2082,North,Delhi,4,1847.1,1235.9,0.17
ORD5080,2024-04-21,CUST1041,PRD2088,West,Hyderabad,2,459.2,296.86,0.1
ORD5081,2022-12-05,CUST1038,PRD2103,North,Ahmedabad,3,1125.28,726.83,0.29
ORD5082,2023-05-24,CUST1096,PRD2022,North,Mumbai,1,169.43,90.98,0.22
ORD5083,2023-08-07,CUST1193,PRD2052,West,Bangalore,8,3869.85,2651.05,0.24
ORD5084,2023-04-27,CUST1038,PRD2133,East,Bangalore,3,872.34,630.02,0.19
ORD5085,2022-12-03,CUST1199,PRD2041,East,Jaipur,4,1896.57,1733.53,0.01
ORD5086,2024-06-03,CUST1156,PRD2032,South,Jaipur,4,273.03,45.49,0.01
ORD5087,2023-04-29,CUST1154,PRD2037,North,Delhi,9,3941.76,2642.22,0.16
ORD5088,2024-04-25,CUST1154,PRD2032,South,Pune,4,1562.71,989.36,0.17
ORD5089,2022-07-11,CUST1009,PRD2004,South,Ahmedabad,1,73.18,-18.2,0.21
ORD5090,2024-05-18,CUST1140,PRD2046,North,Hyderabad,4,1320.15,623.93,0.27
ORD5091,2024-02-07,CUST1179,PRD2014,North,Delhi,8,3090.77,2580.51,0.11
ORD5092,2022-08-22,CUST1046,PRD2067,East,Jaipur,2,763.81,559.29,0.12
ORD5093,2022-07-19,CUST1114,PRD2035,West,Bangalore,5,1266.61,985.35,0.06
ORD5094,2023-04-07,CUST1073,PRD2103,South,Hyderabad,6,1828.57,1453.47,0.05
ORD5095,2022-01-23,CUST1022,PRD2046,South,Pune,8,3808.38,3153.55,0.01
ORD5096,2022-09-21,CUST1110,PRD2103,West,Chennai,4,1714.19,1127.35,0.25
ORD5097,2024-04-10,CUST1132,PRD2119,West,Jaipur,5,1283.15,658.67,0.3
ORD5098,2023-09-11,CUST1105,PRD2091,South,Bangalore,9,1214.66,65.0,0.21
ORD5099,2023-08-28,CUST1028,PRD2039,South,Bangalore,9,2980.38,1872.56,0.07
ORD5100,2022-10-07,CUST1150,PRD2000,North,Pune,5,800.14,273.83,0.18
ORD5101,2022-10-18,CUST1109,PRD2056,East,Ahmedabad,1,86.07,-2.95,0.24
ORD5102,2023-12-28,CUST1054,PRD2114,East,Delhi,8,2483.5,1170.07,0.27
ORD5103,2024-02-20,CUST1174,PRD2052,South,Chennai,9,4322.92,3599.46,0.12
ORD5104,2023-12-24,CUST1056,PRD2116,East,Jaipur,9,3579.71,2385.37,0.19
ORD5105,2023-01-05,CUST1024,PRD2089,South,Jaipur,6,2033.91,1755.9,0.05
ORD5106,2022-11-01,CUST1161,PRD2090,West,Bangalore,1,217.49,184.3,0.01
ORD5107,2022-12-13,CUST1186,PRD2107,South,Hyderabad,3,302.34,124.11,0.22
ORD5108,2022-04-28,CUST1024,PRD2087,North,Delhi,1,276.6,159.75,0.28
ORD5109,2024-02-06,CUST1062,PRD2149,North,Mumbai,2,950.41,653.86,0.16
ORD5110,2022-07-04,CUST1198,PRD2080,North,Mumbai,4,1155.69,584.34,0.29
ORD5111,2024-04-03,CUST1147,PRD2117,West,Jaipur,6,552.78,-119.75,0.17
ORD5112,2024-06-13,CUST1188,PRD2103,East,Mumbai,1,232.89,131.34,0.3
ORD5113,2022-03-13,CUST1140,PRD2122,East,Ahmedabad,8,2194.53,1375.05,0.03
ORD5114,2023-07-11,CUST1031,PRD2028,North,Delhi,1,291.68,254.25,0.02
ORD5115,2024-06-16,CUST1029,PRD2143,East,Pune,8,3494.57,2158.89,0.23
ORD5116,2023-05-30,CUST1000,PRD2077,East,Pune,3,1271.53,1037.53,0.13
ORD5117,2024-01-15,CUST1193,PRD2112,South,Ahmedabad,2,421.13,131.36,0.22
ORD5118,2023-07-11,CUST1178,PRD2062,North,Hyderabad,4,550.77,33.26,0.24
ORD5119,2023-11-22,CUST1156,PRD2054,East,Hyderabad,7,1389.09,512.1,0.23
ORD5120,2022-01-29,CUST1009,PRD2109,West,Mumbai,2,689.39,502.22,0.01
ORD5121,2024-02-27,CUST1086,PRD2054,East,Delhi,2,860.83,719.32,0.09
ORD5122,2022-10-27,CUST1007,PRD2064,East,Bangalore,9,2708.2,1498.83,0.18
ORD5123,2023-02-21,CUST1186,PRD2071,North,Jaipur,6,1872.19,1082.76,0.11
ORD5124,2022-01-31,CUST1066,PRD2050,West,Jaipur,1,177.34,113.58,0.18
ORD5125,2023-06-10,CUST1007,PRD2034,South,Hyderabad,8,832.31,392.1,0.03
ORD5126,2022-08-31,CUST1119,PRD2045,West,Delhi,4,304.64,-83.23,0.26
ORD5127,2023-01-23,CUST1181,PRD2141,West,Pune,7,2234.23,1649.66,0.02
ORD5128,2024-01-23,CUST1006,PRD2073,North,Jaipur,7,1367.43,944.1,0.05
ORD5129,2024-03-21,CUST1084,PRD2146,West,Delhi,3,325.79,-56.48,0.27
ORD5130,2024-01-18,CUST1187,PRD2081,North,Jaipur,2,161.59,-41.38,0.19
ORD5131,2022-10-17,CUST1196,PRD2147,East,Jaipur,2,958.53,710.42,0.08
ORD5132,2022-07-01,CUST1118,PRD2139,North,Delhi,4,950.73,431.01,0.21
ORD5133,2023-05-29,CUST1165,PRD2136,North,Chennai,2,909.09,714.77,0.15
ORD5134,2022-12-05,CUST1098,PRD2085,North,Pune,8,1433.43,928.4,0.2
ORD5135,2022-10-19,CUST1157,PRD2119,West,Hyderabad,7,1519.59,1032.72,0.01
ORD5136,2022-11-04,CUST1113,PRD2114,South,Mumbai,1,267.93,207.79,0.01
ORD5137,2023-01-03,CUST1039,PRD2024,North,Ahmedabad,7,3087.7,2328.37,0.16
ORD5138,2022-01-23,CUST1021,PRD2003,East,Delhi,2,718.81,538.28,0.02
ORD5139,2023-04-08,CUST1074,PRD2069,West,Delhi,2,491.69,232.37,0.28
ORD5140,2022-05-03,CUST1041,PRD2099,South,Pune,9,2871.97,1972.46,0.17
ORD5141,2024-05-05,CUST1016,PRD2121,North,Pune,7,3427.66,2378.23,0.19
ORD5142,2023-06-14,CUST1085,PRD2026,East,Ahmedabad,9,470.71,160.17,0.24
ORD5143,2023-10-14,CUST1167,PRD2097,North,Jaipur,9,3876.91,2802.06,0.22
ORD5144,2023-02-13,CUST1137,PRD2144,West,Ahmedabad,5,1546.63,1055.71,0.25
ORD5145,2022-09-05,CUST1121,PRD2045,West,Ahmedabad,2,586.84,377.98,0.15
ORD5146,2023-02-18,CUST1106,PRD2050,West,Bangalore,5,1866.17,1021.04,0.22
ORD5147,2024-02-19,CUST1025,PRD2028,East,Hyderabad,5,554.67,12.28,0.21
ORD5148,2022-03-13,CUST1010,PRD2112,West,Bangalore,7,1525.86,863.3,0.04
ORD5149,2024-06-08,CUST1053,PRD2097,East,Hyderabad,7,1067.46,388.53,0.25
ORD5150,2023-12-30,CUST1149,PRD2068,North,Pune,8,3255.17,2043.4,0.25
ORD5151,2024-03-08,CUST1035,PRD2147,East,Chennai,3,655.23,543.22,0.06
ORD5152,2022-06-21,CUST1080,PRD2108,North,Pune,2,989.92,711.52,0.12
ORD5153,2023-06-09,CUST1193,PRD2072,West,Mumbai,9,3458.04,2370.24,0.18
ORD5154,2023-08-24,CUST1128,PRD2060,South,Mumbai,8,2115.92,1851.09,0.02
ORD5155,2022-03-09,CUST1038,PRD2034,South,Delhi,3,305.43,90.94,0.08
ORD5156,2023-03-29,CUST1107,PRD2101,West,Bangalore,2,785.3,372.06,0.29
ORD5157,2023-08-06,CUST1100,PRD2043,North,Mumbai,1,447.39,302.47,0.15
ORD5158,2024-02-10,CUST1073,PRD2056,North,Jaipur,7,393.99,89.12,0.16
ORD5159,2022-07-16,CUST1011,PRD2061,East,Hyderabad,8,3677.93,2794.49,0.06
ORD5160,2022-10-22,CUST1148,PRD2080,North,Ahmedabad,7,443.97,-276.95,0.05
ORD5161,2024-03-24,CUST1197,PRD2024,North,Chennai,2,124.43,27.15,0.28
ORD5162,2023-01-28,CUST1142,PRD2058,North,Pune,9,3450.6,1708.25,0.3
ORD5163,2023-11-30,CUST1046,PRD2031,North,Jaipur,7,3199.64,2143.32,0.24
ORD5164,2022-09-10,CUST1025,PRD2085,South,Jaipur,7,497.43,155.78,0.07
ORD5165,2022-06-27,CUST1116,PRD2006,East,Hyderabad,9,984.67,42.53,0.06
ORD5166,2022-09-28,CUST1071,PRD2058,North,Pune,7,1293.12,1067.84,0.05
ORD5167,2023-04-02,CUST1115,PRD2145,North,Ahmedabad,7,1049.38,165.95,0.27
ORD5168,2023-10-10,CUST1158,PRD2107,East,Delhi,2,273.86,164.36,0.02
ORD5169,2023-11-30,CUST1170,PRD2107,East,Hyderabad,7,1576.49,810.26,0.15
ORD5170,2022-06-20,CUST1003,PRD2092,North,Delhi,6,1914.94,1355.37,0.14
ORD5171,2023-01-07,CUST1160,PRD2015,East,Bangalore,2,976.93,592.78,0.21
ORD5172,2024-04-07,CUST1169,PRD2033,North,Delhi,7,1997.58,1283.0,0.02
ORD5173,2023-11-22,CUST1017,PRD2095,East,Jaipur,3,693.97,433.79,0.08
ORD5174,2023-08-24,CUST1045,PRD2028,North,Ahmedabad,1,127.56,44.89,0.1
ORD5175,2022-08-05,CUST1184,PRD2015,West,Jaipur,8,942.95,333.63,0.07
ORD5176,2024-02-29,CUST1120,PRD2009,East,Jaipur,9,2660.99,1773.07,0.2
ORD5177,2023-07-02,CUST1083,PRD2132,South,Mumbai,1,52.54,-16.51,0.23
ORD5178,2023-09-28,CUST1002,PRD2141,South,Pune,8,2262.99,1569.54,0.21
ORD5179,2022-04-01,CUST1067,PRD2145,North,Hyderabad,5,1725.1,1271.64,0.19
ORD5180,2023-03-05,CUST1192,PRD2072,North,Hyderabad,1,425.65,319.59,0.19
ORD5181,2023-02-25,CUST1195,PRD2139,North,Delhi,5,2060.68,1777.36,0.07
ORD5182,2022-07-17,CUST1170,PRD2123,East,Hyderabad,6,1325.16,996.53,0.09
ORD5183,2023-01-15,CUST1062,PRD2045,East,Ahmedabad,8,3939.28,3221.63,0.08
ORD5184,2022-10-01,CUST1076,PRD2051,East,Hyderabad,4,1698.76,1506.87,0.0
ORD5185,2024-06-16,CUST1147,PRD2092,North,Bangalore,6,321.18,56.5,0.08
ORD5186,2022-09-05,CUST1109,PRD2073,North,Pune,2,898.57,635.25,0.1
ORD5187,2022-05-24,CUST1168,PRD2002,South,Delhi,8,2446.36,1602.21,0.03
ORD5188,2023-09-16,CUST1004,PRD2053,North,Mumbai,7,3273.81,2845.23,0.07
ORD5189,2024-03-08,CUST1098,PRD2019,North,Bangalore,1,330.62,222.61,0.23
ORD5190,2022-07-22,CUST1162,PRD2081,West,Bangalore,1,326.73,224.58,0.18
ORD5191,2022-12-25,CUST1159,PRD2012,North,Jaipur,8,1788.52,1072.58,0.06
ORD5192,2024-05-29,CUST1088,PRD2072,South,Delhi,4,264.06,-7.25,0.08
ORD5193,2022-03-01,CUST1097,PRD2010,West,Bangalore,9,1324.92,354.07,0.09
ORD5194,2023-02-06,CUST1122,PRD2028,East,Mumbai,9,4348.73,2549.01,0.22
ORD5195,2022-04-21,CUST1075,PRD2008,North,Delhi,8,1100.28,322.16,0.24
ORD5196,2023-10-07,CUST1138,PRD2123,West,Bangalore,6,1036.21,366.12,0.16
ORD5197,2022-04-28,CUST1132,PRD2089,South,Delhi,2,304.51,158.09,0.04
ORD5198,2022-07-31,CUST1059,PRD2027,North,Mumbai,5,1397.72,836.38,0.27
ORD5199,2022-10-22,CUST1113,PRD2039,South,Bangalore,3,1005.77,442.61,0.28
ORD5200,2022-06-06,CUST1055,PRD2039,West,Bangalore,2,242.85,83.82,0.16
ORD5201,2023-03-04,CUST1032,PRD2005,East,Hyderabad,8,2356.61,1492.5,0.07
ORD5202,2024-01-08,CUST1167,PRD2091,East,Bangalore,1,86.2,-21.94,0.2
ORD5203,2023-08-07,CUST1047,PRD2012,North,Pune,9,2283.58,1354.51,0.25
ORD5204,2023-03-22,CUST1099,PRD2006,East,Delhi,5,1690.97,1371.27,0.06
ORD5205,2024-03-26,CUST1057,PRD2030,South,Pune,7,799.06,428.88,0.28
ORD5206,2022-08-20,CUST1159,PRD2106,South,Jaipur,5,821.52,624.9,0.02
ORD5207,2023-07-26,CUST1158,PRD2081,South,Ahmedabad,4,625.19,383.51,0.12
ORD5208,2023-02-10,CUST1076,PRD2011,South,Hyderabad,7,1903.66,892.16,0.23
ORD5209,2023-04-09,CUST1012,PRD2045,North,Mumbai,1,84.2,39.83,0.08
ORD5210,2024-01-26,CUST1103,PRD2097,North,Bangalore,8,1070.4,271.14,0.01
ORD5211,2022-03-18,CUST1069,PRD2073,West,Pune,9,1407.15,718.89,0.19
ORD5212,2024-03-04,CUST1062,PRD2059,North,Ahmedabad,5,1264.02,690.74,0.13
ORD5213,2023-08-03,CUST1195,PRD2147,South,Chennai,4,1209.61,836.15,0.03
ORD5214,2023-09-09,CUST1191,PRD2016,North,Pune,6,1337.64,648.11,0.22
ORD5215,2024-02-17,CUST1117,PRD2021,East,Pune,8,1772.36,945.45,0.18
ORD5216,2024-01-10,CUST1049,PRD2013,East,Bangalore,4,727.69,274.34,0.16
ORD5217,2023-01-09,CUST1179,PRD2124,North,Bangalore,7,2359.09,1867.6,0.09
ORD5218,2022-07-24,CUST1032,PRD2133,East,Pune,3,927.41,483.42,0.2
ORD5219,2023-10-06,CUST1025,PRD2028,North,Bangalore,4,1152.14,754.1,0.02
ORD5220,2023-10-20,CUST1140,PRD2038,North,Delhi,7,2170.3,1214.61,0.18
ORD5221,2024-06-09,CUST1074,PRD2115,East,Ahmedabad,2,451.94,249.92,0.11
ORD5222,2022-03-08,CUST1083,PRD2021,North,Ahmedabad,3,1357.8,871.73,0.15
ORD5223,2023-10-28,CUST1183,PRD2091,East,Hyderabad,5,1796.35,1217.16,0.17
ORD5224,2024-04-25,CUST1100,PRD2083,East,Mumbai,6,943.11,479.34,0.1
ORD5225,2022-11-05,CUST1196,PRD2130,South,Chennai,1,188.06,76.43,0.09
ORD5226,2022-02-10,CUST1165,PRD2014,North,Bangalore,2,573.45,399.7,0.23
ORD5227,2024-04-10,CUST1063,PRD2024,West,Pune,8,2756.24,1722.59,0.2
ORD5228,2023-10-24,CUST1014,PRD2026,West,Ahmedabad,8,3551.59,2765.48,0.15
ORD5229,2022-10-12,CUST1144,PRD2092,West,Jaipur,5,2264.27,1448.93,0.18
ORD5230,2023-05-13,CUST1026,PRD2049,East,Bangalore,4,1582.67,1104.08,0.19
ORD5231,2023-07-07,CUST1092,PRD2023,West,Ahmedabad,3,449.7,357.73,0.01
ORD5232,2023-12-31,CUST1014,PRD2016,West,Mumbai,4,1201.79,968.2,0.07
ORD5233,2023-03-22,CUST1165,PRD2062,South,Delhi,6,2184.87,1588.88,0.07
ORD5234,2023-04-29,CUST1116,PRD2129,West,Bangalore,8,890.34,477.4,0.28
ORD5235,2022-08-31,CUST1063,PRD2071,South,Ahmedabad,5,1782.89,947.3,0.2
ORD5236,2024-06-13,CUST1063,PRD2081,West,Bangalore,6,1287.57,461.02,0.22
ORD5237,2023-06-13,CUST1044,PRD2032,North,Hyderabad,6,714.01,111.25,0.2
ORD5238,2023-06-15,CUST1010,PRD2087,North,Chennai,9,2731.26,1435.73,0.18
ORD5239,2022-08-01,CUST1120,PRD2045,South,Chennai,6,1112.09,626.31,0.12
ORD5240,2022-02-05,CUST1147,PRD2096,North,Mumbai,2,428.86,167.61,0.22
ORD5241,2023-05-12,CUST1157,PRD2076,South,Ahmedabad,4,802.61,311.32,0.29
ORD5242,2024-02-21,CUST1102,PRD2102,East,Pune,2,380.28,146.21,0.28
ORD5243,2022-02-01,CUST1105,PRD2118,West,Bangalore,1,492.12,299.58,0.21
ORD5244,2023-09-24,CUST1060,PRD2122,North,Ahmedabad,6,546.85,-88.18,0.07
ORD5245,2023-11-30,CUST1072,PRD2102,South,Chennai,9,4435.53,3234.0,0.08
ORD5246,2023-08-11,CUST1007,PRD2071,West,Ahmedabad,2,141.21,41.56,0.2
ORD5247,2023-12-16,CUST1083,PRD2061,East,Chennai,7,1879.08,852.18,0.21
ORD5248,2023-01-18,CUST1131,PRD2133,South,Jaipur,6,1131.08,830.77,0.08
ORD5249,2024-01-11,CUST1002,PRD2126,West,Pune,9,2384.47,1302.96,0.18
ORD5250,2023-03-04,CUST1013,PRD2011,West,Delhi,7,1778.65,832.75,0.19
ORD5251,2024-03-09,CUST1024,PRD2044,South,Bangalore,3,1437.72,1296.19,0.04
ORD5252,2022-03-25,CUST1054,PRD2099,North,Jaipur,8,3149.34,2742.74,0.05
ORD5253,2023-03-29,CUST1052,PRD2031,West,Pune,3,365.28,102.17,0.11
ORD5254,2022-12-10,CUST1197,PRD2145,South,Delhi,3,1121.82,991.93,0.01
ORD5255,2022-08-07,CUST1095,PRD2055,East,Bangalore,9,2524.52,2113.15,0.04
ORD5256,2022-04-12,CUST1155,PRD2034,East,Jaipur,6,2446.35,1505.31,0.2
ORD5257,2023-01-04,CUST1096,PRD2134,South,Delhi,1,360.64,247.46,0.2
ORD5258,2023-07-15,CUST1158,PRD2023,North,Chennai,4,1309.86,569.62,0.28
ORD5259,2023-08-25,CUST1107,PRD2125,West,Hyderabad,4,512.63,266.97,0.13
ORD5260,2023-06-20,CUST1049,PRD2095,West,Pune,9,1369.46,494.89,0.12
ORD5261,2023-05-30,CUST1116,PRD2097,South,Jaipur,4,583.68,133.82,0.11
ORD5262,2023-08-30,CUST1161,PRD2005,South,Bangalore,7,2386.51,1575.79,0.28
ORD5263,2022-09-30,CUST1114,PRD2124,North,Pune,3,441.78,120.44,0.18
ORD5264,2023-06-17,CUST1039,PRD2020,East,Pune,1,484.84,361.77,0.17
ORD5265,2023-05-29,CUST1007,PRD2099,South,Chennai,7,1381.82,947.86,0.19
ORD5266,2023-01-31,CUST1013,PRD2077,East,Delhi,2,548.1,440.67,0.12
ORD5267,2022-07-26,CUST1068,PRD2040,West,Delhi,6,2720.54,2480.58,0.03
ORD5268,2022-03-22,CUST1110,PRD2013,East,Mumbai,8,1871.78,1216.19,0.26
ORD5269,2023-07-17,CUST1083,PRD2129,South,Mumbai,7,1167.65,833.4,0.09
ORD5270,2022-01-04,CUST1122,PRD2088,West,Pune,9,2501.95,1819.47,0.12
ORD5271,2024-01-16,CUST1162,PRD2004,West,Chennai,1,222.74,130.35,0.04
ORD5272,2023-03-01,CUST1183,PRD2044,East,Jaipur,7,585.0,172.18,0.07
ORD5273,2023-01-19,CUST1138,PRD2009,South,Ahmedabad,3,1091.12,638.18,0.15
ORD5274,2023-04-19,CUST1079,PRD2092,North,Delhi,9,3807.13,2733.72,0.23
ORD5275,2022-12-25,CUST1019,PRD2007,North,Hyderabad,1,147.75,95.55,0.19
ORD5276,2024-03-22,CUST1117,PRD2027,East,Delhi,9,4388.03,3364.07,0.12
ORD5277,2023-07-04,CUST1174,PRD2048,West,Chennai,1,192.34,100.11,0.1
ORD5278,2023-06-19,CUST1055,PRD2110,West,Bangalore,6,675.75,89.39,0.26
ORD5279,2024-02-11,CUST1188,PRD2147,South,Pune,2,553.19,320.56,0.24
ORD5280,2023-06-04,CUST1036,PRD2019,East,Bangalore,1,317.95,161.09,0.23
ORD5281,2022-11-18,CUST1197,PRD2058,North,Mumbai,5,1791.93,1461.85,0.08
ORD5282,2024-02-23,CUST1178,PRD2011,North,Pune,4,698.53,139.2,0.25
ORD5283,2024-01-13,CUST1042,PRD2125,North,Pune,2,958.74,660.4,0.21
ORD5284,2023-07-14,CUST1028,PRD2038,East,Bangalore,8,2653.16,1883.97,0.07
ORD5285,2023-09-07,CUST1177,PRD2037,East,Hyderabad,4,217.94,-165.56,0.08
ORD5286,2023-04-26,CUST1125,PRD2044,West,Pune,4,1897.19,1114.53,0.29
ORD5287,2022-03-01,CUST1123,PRD2118,South,Delhi,8,498.99,-111.68,0.25
ORD5288,2023-11-04,CUST1128,PRD2007,North,Jaipur,6,2957.26,1919.44,0.26
ORD5289,2022-04-25,CUST1085,PRD2033,East,Jaipur,1,138.32,93.75,0.11
ORD5290,2023-08-22,CUST1170,PRD2113,North,Pune,2,481.21,322.94,0.24
ORD5291,2023-05-11,CUST1135,PRD2046,North,Chennai,8,664.56,145.98,0.28
ORD5292,2023-02-10,CUST1071,PRD2088,North,Mumbai,4,301.82,33.62,0.01
ORD5293,2022-10-11,CUST1146,PRD2030,West,Delhi,5,2489.86,1631.24,0.19
ORD5294,2022-11-28,CUST1104,PRD2089,South,Hyderabad,2,140.3,-3.4,0.27
ORD5295,2024-06-06,CUST1197,PRD2062,North,Mumbai,9,4392.27,3695.36,0.05
ORD5296,2022-05-06,CUST1088,PRD2012,North,Delhi,9,780.27,17.5,0.08
ORD5297,2022-06-20,CUST1158,PRD2067,North,Ahmedabad,2,586.89,347.51,0.16
ORD5298,2024-06-03,CUST1131,PRD2101,South,Pune,3,343.93,87.75,0.12
ORD5299,2023-10-13,CUST1081,PRD2140,East,Bangalore,9,4034.77,2856.76,0.13
ORD5300,2024-05-02,CUST1108,PRD2074,West,Ahmedabad,1,83.2,52.07,0.13
ORD5301,2023-05-02,CUST1053,PRD2088,East,Mumbai,5,1169.91,790.76,0.18
ORD5302,2022-01-16,CUST1075,PRD2142,East,Chennai,5,2307.03,1437.45,0.24
ORD5303,2022-03-13,CUST1092,PRD2048,East,Chennai,1,264.13,143.84,0.15
ORD5304,2022-05-31,CUST1101,PRD2010,West,Ahmedabad,3,316.71,121.96,0.11
ORD5305,2022-03-02,CUST1073,PRD2008,North,Pune,3,1066.54,727.71,0.09
ORD5306,2024-04-19,CUST1071,PRD2047,South,Chennai,2,204.3,-0.03,0.25
ORD5307,2024-05-02,CUST1116,PRD2011,South,Hyderabad,5,2068.96,1770.7,0.02
ORD5308,2022-05-14,CUST1036,PRD2043,East,Bangalore,4,1320.86,753.08,0.29
ORD5309,2022-10-17,CUST1175,PRD2086,South,Pune,6,2816.6,2147.15,0.19
ORD5310,2024-06-10,CUST1107,PRD2122,East,Bangalore,5,1908.46,1082.41,0.27
ORD5311,2022-01-19,CUST1079,PRD2046,West,Jaipur,5,1980.32,1152.25,0.24
ORD5312,2022-05-26,CUST1024,PRD2035,East,Chennai,3,720.93,586.85,0.02
ORD5313,2022-04-30,CUST1020,PRD2140,East,Pune,6,2537.22,1233.48,0.28
ORD5314,2022-02-06,CUST1077,PRD2124,West,Delhi,4,1391.61,1192.31,0.04
ORD5315,2024-02-11,CUST1051,PRD2026,West,Hyderabad,3,197.54,-111.55,0.14
ORD5316,2023-01-23,CUST1105,PRD2145,North,Delhi,2,969.83,666.38,0.15
ORD5317,2024-02-29,CUST1131,PRD2089,South,Bangalore,9,4358.39,2824.53,0.23
ORD5318,2023-04-02,CUST1006,PRD2094,North,Jaipur,7,2187.39,1358.05,0.11
ORD5319,2022-11-02,CUST1070,PRD2055,South,Delhi,1,359.19,201.63,0.24
ORD5320,2024-01-10,CUST1041,PRD2035,West,Ahmedabad,4,221.05,26.82,0.15
ORD5321,2024-02-19,CUST1006,PRD2053,West,Hyderabad,1,296.27,210.35,0.22
ORD5322,2023-08-21,CUST1172,PRD2105,South,Ahmedabad,7,3176.57,2638.99,0.05
ORD5323,2022-05-05,CUST1020,PRD2136,East,Pune,9,3364.62,1999.36,0.16
ORD5324,2022-06-06,CUST1121,PRD2120,West,Hyderabad,8,1973.85,1766.53,0.01
ORD5325,2023-07-13,CUST1048,PRD2090,West,Pune,5,1577.14,834.62,0.25
ORD5326,2022-04-15,CUST1151,PRD2018,West,Jaipur,4,1642.2,951.36,0.21
ORD5327,2024-04-19,CUST1088,PRD2145,West,Pune,3,906.22,677.63,0.04
ORD5328,2023-03-10,CUST1182,PRD2068,East,Chennai,1,400.6,336.86,0.04
ORD5329,2024-01-07,CUST1160,PRD2118,North,Ahmedabad,5,1013.83,449.64,0.24
ORD5330,2024-05-30,CUST1175,PRD2036,West,Jaipur,3,1095.0,914.18,0.08
ORD5331,2023-06-07,CUST1159,PRD2010,South,Delhi,9,3666.31,1857.23,0.25
ORD5332,2024-02-13,CUST1184,PRD2001,East,Delhi,3,1022.96,658.34,0.17
ORD5333,2024-05-29,CUST1145,PRD2066,North,Jaipur,6,620.34,226.44,0.2
ORD5334,2022-10-31,CUST1168,PRD2023,West,Pune,3,486.86,198.85,0.26
ORD5335,2024-02-01,CUST1101,PRD2041,North,Ahmedabad,7,815.2,388.18,0.24
ORD5336,2022-11-01,CUST1035,PRD2096,East,Mumbai,4,1472.1,747.32,0.23
ORD5337,2024-01-16,CUST1135,PRD2096,North,Jaipur,6,694.88,368.71,0.21
ORD5338,2022-06-19,CUST1195,PRD2012,West,Pune,1,479.3,302.5,0.3
ORD5339,2023-11-15,CUST1187,PRD2004,West,Ahmedabad,5,539.34,147.76,0.19
ORD5340,2023-04-15,CUST1199,PRD2049,South,Chennai,3,1104.24,569.08,0.23
ORD5341,2022-10-27,CUST1124,PRD2057,South,Ahmedabad,3,159.68,-31.27,0.28
ORD5342,2023-06-06,CUST1129,PRD2001,North,Bangalore,6,1157.42,508.78,0.15
ORD5343,2024-06-09,CUST1097,PRD2029,West,Ahmedabad,4,487.16,178.92,0.12
ORD5344,2022-07-24,CUST1043,PRD2035,North,Delhi,5,744.24,386.97,0.13
ORD5345,2023-04-18,CUST1030,PRD2046,East,Hyderabad,9,3923.51,3285.25,0.09
ORD5346,2024-01-27,CUST1105,PRD2120,West,Chennai,7,2938.23,2294.23,0.11
ORD5347,2024-04-07,CUST1144,PRD2143,West,Bangalore,8,3465.66,2362.57,0.26
ORD5348,2023-05-10,CUST1143,PRD2029,West,Bangalore,7,1157.26,548.26,0.09
ORD5349,2023-10-21,CUST1103,PRD2117,West,Hyderabad,5,1454.61,636.9,0.29
ORD5350,2023-09-14,CUST1107,PRD2064,South,Delhi,9,2963.0,2364.79,0.1
ORD5351,2023-12-16,CUST1083,PRD2149,West,Jaipur,2,139.8,-4.41,0.15
ORD5352,2023-08-19,CUST1031,PRD2015,West,Pune,6,526.89,219.42,0.02
ORD5353,2023-06-23,CUST1141,PRD2035,East,Pune,1,181.81,69.46,0.1
ORD5354,2024-03-19,CUST1065,PRD2104,South,Bangalore,5,2471.55,1883.4,0.11
ORD5355,2024-05-05,CUST1192,PRD2074,West,Ahmedabad,3,1334.41,957.43,0.13
ORD5356,2022-09-23,CUST1150,PRD2054,East,Ahmedabad,6,1159.37,541.19,0.17
ORD5357,2022-04-06,CUST1170,PRD2142,West,Delhi,6,1348.01,578.67,0.16
ORD5358,2022-07-27,CUST1011,PRD2048,South,Delhi,6,1736.39,1285.28,0.17
ORD5359,2022-03-07,CUST1034,PRD2133,West,Jaipur,3,840.47,653.76,0.04
ORD5360,2024-02-08,CUST1179,PRD2013,East,Delhi,9,4314.35,3273.25,0.06
ORD5361,2023-10-17,CUST1162,PRD2065,East,Pune,2,520.21,280.53,0.11
ORD5362,2022-11-15,CUST1019,PRD2009,South,Mumbai,9,2079.92,1711.27,0.03
ORD5363,2022-08-05,CUST1053,PRD2032,East,Ahmedabad,4,1877.2,1407.34,0.15
ORD5364,2023-11-18,CUST1064,PRD2109,South,Delhi,6,888.43,214.72,0.19
ORD5365,2023-10-16,CUST1179,PRD2130,North,Ahmedabad,3,1201.74,811.33,0.21
ORD5366,2023-03-30,CUST1024,PRD2140,South,Hyderabad,5,2494.17,1687.23,0.18
ORD5367,2024-01-05,CUST1148,PRD2024,North,Chennai,4,419.05,273.96,0.1
ORD5368,2022-04-05,CUST1011,PRD2031,South,Delhi,4,546.48,430.22,0.01
ORD5369,2023-09-07,CUST1059,PRD2133,West,Jaipur,2,690.51,436.6,0.24
ORD5370,2022-05-04,CUST1030,PRD2004,South,Pune,3,1225.48,670.45,0.25
ORD5371,2022-01-04,CUST1088,PRD2129,North,Jaipur,2,161.13,22.3,0.21
ORD5372,2023-08-28,CUST1055,PRD2082,East,Delhi,9,2854.96,1580.57,0.22
ORD5373,2022-02-03,CUST1072,PRD2114,West,Hyderabad,7,437.64,39.84,0.02
ORD5374,2022-06-14,CUST1096,PRD2003,East,Hyderabad,4,1774.57,1641.55,0.01
ORD5375,2023-12-25,CUST1016,PRD2100,West,Chennai,7,1254.86,888.66,0.17
ORD5376,2022-11-28,CUST1051,PRD2123,East,Pune,6,2901.74,2579.45,0.04
ORD5377,2023-11-09,CUST1062,PRD2115,East,Bangalore,3,1121.96,672.42,0.23
ORD5378,2023-08-21,CUST1091,PRD2013,North,Delhi,7,785.42,-31.25,0.17
ORD5379,2023-09-12,CUST1085,PRD2132,South,Ahmedabad,7,661.58,-115.49,0.15
ORD5380,2022-02-27,CUST1148,PRD2078,South,Jaipur,5,740.24,78.07,0.25
ORD5381,2022-09-22,CUST1057,PRD2119,North,Mumbai,7,1273.89,1010.5,0.04
ORD5382,2022-10-12,CUST1012,PRD2081,North,Hyderabad,5,593.76,258.56,0.1
ORD5383,2022-10-22,CUST1163,PRD2138,West,Hyderabad,5,444.72,279.7,0.08
ORD5384,2023-11-23,CUST1182,PRD2116,South,Chennai,4,244.65,-22.59,0.19
ORD5385,2023-09-14,CUST1111,PRD2081,East,Mumbai,8,2728.98,1859.03,0.22
ORD5386,2023-10-23,CUST1179,PRD2041,South,Delhi,5,1710.06,1200.63,0.14
ORD5387,2022-03-10,CUST1112,PRD2104,West,Mumbai,1,236.12,89.34,0.22
ORD5388,2023-06-13,CUST1168,PRD2128,West,Hyderabad,2,193.3,100.23,0.17
ORD5389,2023-11-12,CUST1028,PRD2096,South,Hyderabad,2,297.47,167.01,0.06
ORD5390,2023-08-28,CUST1187,PRD2020,South,Hyderabad,7,1365.16,805.33,0.24
ORD5391,2023-12-12,CUST1186,PRD2078,West,Jaipur,1,347.71,302.52,0.04
ORD5392,2023-12-14,CUST1087,PRD2068,East,Delhi,1,304.16,240.82,0.09
ORD5393,2022-06-13,CUST1007,PRD2076,North,Jaipur,8,1148.65,518.7,0.29
ORD5394,2022-05-09,CUST1042,PRD2128,West,Bangalore,3,1183.18,904.11,0.08
ORD5395,2022-04-11,CUST1151,PRD2016,West,Delhi,5,2394.51,1724.08,0.11
ORD5396,2024-03-11,CUST1057,PRD2109,East,Chennai,4,521.87,365.66,0.09
ORD5397,2022-11-18,CUST1142,PRD2134,West,Bangalore,3,853.0,501.91,0.11
ORD5398,2022-06-24,CUST1185,PRD2004,South,Ahmedabad,5,1723.24,814.71,0.28
ORD5399,2022-02-11,CUST1095,PRD2007,East,Hyderabad,6,1294.87,770.82,0.09
ORD5400,2023-05-12,CUST1111,PRD2080,West,Hyderabad,8,3651.95,2495.35,0.21
ORD5401,2022-07-21,CUST1152,PRD2072,East,Pune,2,953.98,604.83,0.29
ORD5402,2022-01-09,CUST1194,PRD2048,South,Chennai,4,255.17,114.14,0.06
ORD5403,2023-07-22,CUST1077,PRD2104,North,Pune,9,4262.99,2332.74,0.28
ORD5404,2022-02-23,CUST1118,PRD2113,West,Chennai,5,1727.63,1013.7,0.25
ORD5405,2022-11-12,CUST1090,PRD2001,North,Delhi,6,2336.85,1163.01,0.28
ORD5406,2022-04-02,CUST1159,PRD2094,East,Pune,2,847.43,447.4,0.27
ORD5407,2024-04-21,CUST1014,PRD2016,South,Jaipur,8,3656.5,1926.31,0.29
ORD5408,2023-04-13,CUST1152,PRD2058,South,Ahmedabad,9,1322.33,563.17,0.19
ORD5409,2023-11-23,CUST1157,PRD2031,South,Mumbai,3,1275.6,1038.63,0.02
ORD5410,2023-06-30,CUST1119,PRD2148,South,Hyderabad,3,399.24,235.2,0.15
ORD5411,2022-10-16,CUST1118,PRD2038,West,Mumbai,1,450.25,312.88,0.24
ORD5412,2022-05-24,CUST1174,PRD2017,North,Ahmedabad,5,2208.07,1593.11,0.13
ORD5413,2022-10-05,CUST1148,PRD2125,South,Hyderabad,8,538.19,43.59,0.16
ORD5414,2022-11-17,CUST1134,PRD2085,East,Mumbai,6,942.19,451.85,0.11
ORD5415,2022-03-25,CUST1021,PRD2091,South,Delhi,2,273.79,84.49,0.22
ORD5416,2023-04-21,CUST1179,PRD2026,East,Jaipur,2,729.54,669.8,0.0
ORD5417,2022-06-22,CUST1150,PRD2087,East,Delhi,6,2569.54,1596.05,0.19
ORD5418,2022-09-12,CUST1188,PRD2096,East,Jaipur,8,3312.1,2728.39,0.12
ORD5419,2024-03-25,CUST1117,PRD2018,North,Ahmedabad,7,515.07,43.35,0.02
ORD5420,2024-04-29,CUST1038,PRD2107,West,Delhi,9,462.59,-330.97,0.24
ORD5421,2023-07-09,CUST1110,PRD2135,North,Chennai,8,3627.75,2266.01,0.17
ORD5422,2022-01-13,CUST1004,PRD2002,West,Hyderabad,1,366.22,223.67,0.21
ORD5423,2022-12-22,CUST1063,PRD2105,East,Mumbai,2,460.16,332.51,0.09
ORD5424,2023-01-07,CUST1009,PRD2148,East,Bangalore,7,2589.14,2150.27,0.04
ORD5425,2023-08-25,CUST1065,PRD2111,West,Chennai,9,3639.51,3037.08,0.04
ORD5426,2024-01-02,CUST1085,PRD2089,West,Mumbai,6,1694.95,738.92,0.28
ORD5427,2022-11-26,CUST1013,PRD2120,North,Mumbai,2,245.57,181.6,0.05
ORD5428,2023-02-19,CUST1019,PRD2074,East,Jaipur,3,1431.87,1157.42,0.12
ORD5429,2023-04-27,CUST1069,PRD2055,North,Pune,3,1284.95,802.89,0.19
ORD5430,2023-07-11,CUST1131,PRD2110,West,Pune,4,746.15,299.33,0.28
ORD5431,2022-01-21,CUST1023,PRD2036,North,Ahmedabad,6,580.58,296.92,0.22
ORD5432,2022-12-01,CUST1102,PRD2148,South,Chennai,6,434.16,-105.07,0.21
ORD5433,2022-08-24,CUST1187,PRD2056,North,Jaipur,4,1653.86,1316.73,0.08
ORD5434,2023-10-12,CUST1070,PRD2003,West,Delhi,3,1443.13,1006.85,0.23
ORD5435,2022-07-05,CUST1079,PRD2054,West,Hyderabad,4,1290.55,977.53,0.11
ORD5436,2023-11-17,CUST1023,PRD2081,East,Chennai,3,1079.99,808.56,0.15
ORD5437,2023-12-02,CUST1059,PRD2146,East,Ahmedabad,1,372.55,266.86,0.16
ORD5438,2024-03-15,CUST1149,PRD2108,North,Jaipur,6,1449.2,791.94,0.12
ORD5439,2024-06-05,CUST1099,PRD2018,South,Jaipur,4,1202.3,574.33,0.29
ORD5440,2022-10-31,CUST1112,PRD2145,North,Bangalore,4,1863.04,1467.32,0.06
ORD5441,2023-06-29,CUST1046,PRD2056,North,Mumbai,6,378.1,-99.67,0.29
ORD5442,2022-09-20,CUST1144,PRD2003,West,Jaipur,4,568.96,126.27,0.2
ORD5443,2022-11-24,CUST1142,PRD2046,North,Pune,7,3235.5,2614.54,0.03
ORD5444,2023-05-20,CUST1143,PRD2068,West,Delhi,9,2074.4,1279.29,0.03
ORD5445,2024-05-05,CUST1137,PRD2049,North,Bangalore,3,1396.16,807.76,0.22
ORD5446,2022-04-16,CUST1112,PRD2093,North,Ahmedabad,6,1701.41,859.91,0.24
ORD5447,2023-09-27,CUST1080,PRD2108,North,Bangalore,3,765.07,654.52,0.06
ORD5448,2023-04-05,CUST1169,PRD2034,North,Delhi,3,272.8,24.2,0.28
ORD5449,2022-05-09,CUST1063,PRD2048,South,Hyderabad,5,1123.84,595.92,0.3
ORD5450,2023-12-26,CUST1004,PRD2099,South,Chennai,6,1597.31,1189.98,0.08
ORD5451,2023-03-27,CUST1125,PRD2038,East,Mumbai,2,288.43,161.11,0.05
ORD5452,2023-07-18,CUST1023,PRD2056,South,Mumbai,4,589.55,287.92,0.03
ORD5453,2022-10-17,CUST1181,PRD2059,East,Chennai,9,3001.72,1694.13,0.23
ORD5454,2022-03-10,CUST1151,PRD2035,South,Hyderabad,5,273.86,-22.31,0.06
ORD5455,2023-11-13,CUST1107,PRD2105,West,Jaipur,6,2388.17,2000.23,0.08
ORD5456,2024-06-02,CUST1162,PRD2013,South,Hyderabad,8,2770.76,1471.59,0.21
ORD5457,2022-05-24,CUST1143,PRD2105,North,Ahmedabad,9,1376.94,362.03,0.14
ORD5458,2022-04-03,CUST1043,PRD2072,West,Bangalore,4,884.63,352.31,0.23
ORD5459,2023-05-03,CUST1083,PRD2081,North,Chennai,9,3189.72,1827.79,0.26
ORD5460,2024-06-03,CUST1177,PRD2006,East,Jaipur,6,2765.74,2207.4,0.13
ORD5461,2023-10-05,CUST1159,PRD2147,East,Hyderabad,8,2703.85,1580.79,0.19
ORD5462,2022-09-05,CUST1198,PRD2148,West,Ahmedabad,8,3856.53,2328.48,0.28
ORD5463,2022-02-11,CUST1056,PRD2057,South,Delhi,5,1804.45,1093.25,0.12
ORD5464,2022-10-25,CUST1130,PRD2086,West,Mumbai,5,1640.11,1215.54,0.1
ORD5465,2023-01-30,CUST1146,PRD2114,North,Hyderabad,9,3401.36,1843.28,0.24
ORD5466,2022-02-12,CUST1139,PRD2116,East,Pune,4,1811.4,1417.25,0.13
ORD5467,2023-07-24,CUST1070,PRD2085,North,Mumbai,7,1106.18,413.93,0.27
ORD5468,2022-03-27,CUST1151,PRD2060,West,Pune,2,883.37,735.73,0.05
ORD5469,2023-04-20,CUST1042,PRD2085,North,Pune,1,484.73,324.58,0.15
ORD5470,2023-12-16,CUST1197,PRD2097,South,Delhi,1,220.29,112.17,0.21
ORD5471,2023-05-15,CUST1004,PRD2001,West,Mumbai,6,1848.67,1450.12,0.02
ORD5472,2023-05-25,CUST1065,PRD2073,West,Hyderabad,2,229.86,97.42,0.08
ORD5473,2023-09-09,CUST1178,PRD2124,South,Chennai,7,646.55,350.8,0.2
ORD5474,2023-10-01,CUST1087,PRD2037,West,Bangalore,3,947.44,804.5,0.05
ORD5475,2024-04-02,CUST1062,PRD2048,North,Chennai,7,362.5,190.59,0.01
ORD5476,2024-02-09,CUST1153,PRD2126,South,Chennai,4,1314.23,926.58,0.09
ORD5477,2024-02-21,CUST1142,PRD2119,North,Jaipur,8,1382.74,429.83,0.16
ORD5478,2022-05-03,CUST1115,PRD2091,West,Pune,9,618.02,45.55,0.04
ORD5479,2022-10-01,CUST1027,PRD2025,East,Pune,1,288.85,245.45,0.05
ORD5480,2023-03-05,CUST1152,PRD2130,West,Mumbai,8,2790.23,1700.87,0.17
ORD5481,2023-12-18,CUST1041,PRD2005,West,Jaipur,7,3287.08,2176.8,0.17
ORD5482,2024-02-08,CUST1088,PRD2122,East,Bangalore,2,419.28,285.33,0.16
ORD5483,2023-11-08,CUST1196,PRD2050,West,Pune,8,740.36,387.56,0.17
ORD5484,2022-04-17,CUST1007,PRD2040,North,Delhi,4,617.17,232.27,0.12
ORD5485,2022-05-06,CUST1071,PRD2054,East,Jaipur,9,4019.4,2622.96,0.28
ORD5486,2023-02-23,CUST1175,PRD2103,South,Chennai,2,913.52,541.85,0.26
ORD5487,2022-09-11,CUST1197,PRD2011,East,Hyderabad,2,689.08,514.39,0.11
ORD5488,2022-02-04,CUST1130,PRD2108,East,Pune,3,1318.74,809.72,0.29
ORD5489,2022-05-04,CUST1106,PRD2039,North,Chennai,6,1943.96,1214.76,0.29
ORD5490,2023-05-31,CUST1128,PRD2007,West,Chennai,5,2123.65,1322.57,0.27
ORD5491,2022-05-02,CUST1175,PRD2106,West,Ahmedabad,5,1675.4,1300.29,0.0
ORD5492,2023-05-19,CUST1197,PRD2109,East,Hyderabad,6,2995.28,2380.0,0.12
ORD5493,2022-12-17,CUST1136,PRD2011,West,Mumbai,7,1048.91,543.5,0.02
ORD5494,2023-12-24,CUST1062,PRD2108,North,Delhi,7,2701.62,2523.51,0.01
ORD5495,2023-04-12,CUST1157,PRD2012,West,Chennai,2,251.29,103.66,0.07
ORD5496,2022-10-25,CUST1101,PRD2058,West,Bangalore,7,1915.96,1376.67,0.17
ORD5497,2023-09-15,CUST1068,PRD2024,North,Chennai,3,396.23,143.06,0.14
ORD5498,2024-04-16,CUST1024,PRD2147,South,Ahmedabad,2,512.07,281.55,0.21
ORD5499,2023-01-18,CUST1132,PRD2008,South,Pune,4,540.27,236.28,0.15
ORD5500,2022-08-31,CUST1133,PRD2059,East,Pune,9,3860.18,3325.88,0.09
ORD5501,2023-03-29,CUST1174,PRD2107,North,Hyderabad,9,1293.44,473.34,0.26
ORD5502,2023-09-19,CUST1130,PRD2075,West,Hyderabad,5,1582.29,1008.84,0.12
ORD5503,2024-01-11,CUST1189,PRD2033,East,Jaipur,9,3242.05,2213.95,0.05
ORD5504,2023-04-02,CUST1081,PRD2057,East,Hyderabad,9,1860.49,1348.33,0.01
ORD5505,2022-10-21,CUST1127,PRD2149,North,Chennai,1,431.6,348.59,0.07
ORD5506,2023-06-28,CUST1138,PRD2093,North,Chennai,3,1016.95,730.64,0.1
ORD5507,2023-10-27,CUST1124,PRD2015,South,Bangalore,2,571.2,426.35,0.02
ORD5508,2024-05-20,CUST1167,PRD2046,South,Mumbai,7,2442.44,1404.4,0.25
ORD5509,2022-01-21,CUST1147,PRD2123,West,Jaipur,1,107.25,28.86,0.22
ORD5510,2023-06-27,CUST1086,PRD2127,West,Pune,3,538.12,249.87,0.18
ORD5511,2023-07-23,CUST1152,PRD2046,East,Jaipur,6,377.65,131.8,0.25
ORD5512,2024-02-03,CUST1020,PRD2056,North,Ahmedabad,5,1787.57,1345.97,0.03
ORD5513,2023-07-04,CUST1141,PRD2144,North,Bangalore,7,2256.47,1734.04,0.1
ORD5514,2022-05-21,CUST1076,PRD2114,South,Bangalore,1,480.72,283.87,0.26
ORD5515,2022-12-10,CUST1150,PRD2090,West,Ahmedabad,2,272.63,60.36,0.16
ORD5516,2022-01-16,CUST1037,PRD2141,North,Hyderabad,4,411.08,211.94,0.15
ORD5517,2022-05-16,CUST1189,PRD2034,South,Jaipur,3,823.51,634.03,0.01
ORD5518,2024-04-18,CUST1077,PRD2083,North,Hyderabad,1,258.79,158.04,0.04
ORD5519,2022-08-04,CUST1087,PRD2013,East,Ahmedabad,6,455.02,-5.27,0.12
ORD5520,2024-05-05,CUST1175,PRD2082,East,Pune,3,569.67,209.63,0.2
ORD5521,2024-06-08,CUST1018,PRD2027,North,Jaipur,4,1862.0,1389.87,0.2
ORD5522,2024-05-11,CUST1062,PRD2072,North,Chennai,7,385.57,-209.1,0.05
ORD5523,2022-10-06,CUST1018,PRD2141,South,Delhi,8,3247.46,1880.82,0.26
ORD5524,2024-05-12,CUST1060,PRD2029,West,Mumbai,9,1319.64,525.8,0.16
ORD5525,2022-06-23,CUST1119,PRD2051,South,Bangalore,9,1797.9,1079.61,0.17
ORD5526,2022-10-22,CUST1052,PRD2077,West,Bangalore,9,3107.35,2433.71,0.04
ORD5527,2023-08-13,CUST1067,PRD2007,North,Delhi,2,950.15,628.31,0.23
ORD5528,2023-05-06,CUST1109,PRD2085,West,Jaipur,9,1034.84,710.79,0.12
ORD5529,2022-02-01,CUST1182,PRD2015,West,Ahmedabad,1,476.43,326.48,0.15
ORD5530,2022-08-11,CUST1011,PRD2034,North,Jaipur,2,116.55,-88.18,0.26
ORD5531,2022-10-19,CUST1148,PRD2068,North,Bangalore,4,1209.59,708.32,0.17
ORD5532,2023-06-09,CUST1171,PRD2136,East,Mumbai,4,784.84,334.01,0.25
ORD5533,2023-04-03,CUST1064,PRD2007,East,Hyderabad,7,1872.55,822.11,0.19
ORD5534,2023-11-29,CUST1075,PRD2075,East,Pune,9,2239.14,1587.24,0.02
ORD5535,2023-01-24,CUST1051,PRD2092,West,Delhi,6,2388.11,1451.28,0.2
ORD5536,2024-03-05,CUST1050,PRD2037,North,Delhi,4,1505.61,1096.14,0.19
ORD5537,2022-07-22,CUST1178,PRD2131,East,Chennai,7,1446.65,630.31,0.21
ORD5538,2022-12-17,CUST1027,PRD2003,West,Delhi,6,1334.24,489.35,0.21
ORD5539,2023-02-06,CUST1066,PRD2085,West,Pune,2,583.29,347.25,0.26
ORD5540,2022-09-05,CUST1090,PRD2104,West,Jaipur,1,421.98,233.97,0.22
ORD5541,2024-04-13,CUST1165,PRD2005,North,Pune,6,2370.41,1677.89,0.09
ORD5542,2023-05-08,CUST1144,PRD2060,South,Bangalore,6,1455.37,848.55,0.24
ORD5543,2024-03-28,CUST1135,PRD2123,North,Delhi,1,200.93,157.07,0.07
ORD5544,2022-06-03,CUST1108,PRD2098,South,Bangalore,8,993.04,20.53,0.28
ORD5545,2024-04-06,CUST1175,PRD2083,North,Delhi,8,3997.4,2746.22,0.26
ORD5546,2023-09-11,CUST1188,PRD2048,South,Hyderabad,1,486.78,368.71,0.08
ORD5547,2023-03-11,CUST1042,PRD2147,South,Jaipur,1,201.56,166.64,0.03
ORD5548,2023-03-30,CUST1084,PRD2061,South,Mumbai,6,2516.1,1963.93,0.1
ORD5549,2023-01-04,CUST1008,PRD2087,North,Mumbai,5,1843.37,1457.95,0.09
ORD5550,2023-09-19,CUST1016,PRD2087,East,Bangalore,5,814.38,531.55,0.03
ORD5551,2024-06-14,CUST1166,PRD2040,North,Hyderabad,7,1391.99,838.21,0.16
ORD5552,2022-11-27,CUST1010,PRD2146,West,Chennai,1,267.45,167.0,0.06
ORD5553,2024-02-25,CUST1018,PRD2075,West,Delhi,8,858.86,506.22,0.18
ORD5554,2022-01-07,CUST1108,PRD2011,North,Pune,1,120.16,43.53,0.29
ORD5555,2024-01-07,CUST1102,PRD2007,East,Ahmedabad,9,1315.65,205.31,0.25
ORD5556,2024-02-17,CUST1086,PRD2083,South,Pune,2,788.54,382.41,0.29
ORD5557,2022-08-25,CUST1067,PRD2126,South,Delhi,4,1296.35,897.57,0.15
ORD5558,2023-07-17,CUST1146,PRD2083,North,Chennai,1,195.7,118.7,0.21
ORD5559,2023-08-28,CUST1121,PRD2142,East,Pune,9,3759.36,2550.42,0.11
ORD5560,2024-03-23,CUST1190,PRD2028,South,Pune,9,598.83,74.93,0.07
ORD5561,2023-01-03,CUST1050,PRD2074,East,Ahmedabad,2,616.44,456.26,0.04
ORD5562,2022-12-21,CUST1120,PRD2038,West,Ahmedabad,3,1139.25,889.2,0.11
ORD5563,2022-09-26,CUST1154,PRD2116,North,Ahmedabad,2,751.12,498.75,0.27
ORD5564,2023-10-10,CUST1130,PRD2143,South,Mumbai,8,2693.35,2014.73,0.19
ORD5565,2023-10-27,CUST1168,PRD2011,East,Mumbai,3,611.47,346.65,0.08
ORD5566,2023-06-03,CUST1054,PRD2044,North,Ahmedabad,5,1457.73,762.39,0.16
ORD5567,2023-11-23,CUST1048,PRD2126,East,Hyderabad,9,2149.09,1578.8,0.17
ORD5568,2024-01-27,CUST1037,PRD2027,South,Bangalore,5,591.7,193.61,0.1
ORD5569,2022-02-12,CUST1145,PRD2098,North,Delhi,7,2110.64,1208.45,0.28
ORD5570,2022-04-05,CUST1121,PRD2029,West,Bangalore,2,744.15,604.72,0.07
ORD5571,2022-04-15,CUST1194,PRD2078,East,Jaipur,9,4284.51,2489.46,0.27
ORD5572,2023-10-23,CUST1103,PRD2074,South,Chennai,9,1193.99,881.35,0.01
ORD5573,2023-01-28,CUST1123,PRD2033,West,Delhi,8,565.75,-211.48,0.06
ORD5574,2024-04-24,CUST1006,PRD2055,North,Jaipur,1,52.18,0.94,0.08
ORD5575,2022-06-20,CUST1147,PRD2018,West,Bangalore,2,925.56,775.53,0.04
ORD5576,2023-06-25,CUST1170,PRD2125,North,Ahmedabad,1,278.57,205.85,0.02
ORD5577,2022-03-29,CUST1063,PRD2068,South,Hyderabad,8,1192.5,295.98,0.28
ORD5578,2024-05-29,CUST1115,PRD2064,North,Delhi,4,550.13,366.73,0.08
ORD5579,2022-09-11,CUST1177,PRD2068,West,Bangalore,8,1901.07,1298.0,0.01
ORD5580,2023-08-22,CUST1066,PRD2074,South,Bangalore,4,233.63,-55.41,0.29
ORD5581,2023-01-25,CUST1173,PRD2106,South,Ahmedabad,3,480.68,281.23,0.14
ORD5582,2022-03-29,CUST1058,PRD2124,South,Pune,5,691.49,173.45,0.29
ORD5583,2023-01-29,CUST1121,PRD2124,South,Chennai,5,1569.83,1083.21,0.18
ORD5584,2023-02-08,CUST1100,PRD2034,South,Chennai,7,2427.43,1720.18,0.02
ORD5585,2022-01-30,CUST1017,PRD2112,North,Delhi,4,902.56,664.29,0.16
ORD5586,2022-11-21,CUST1021,PRD2067,North,Mumbai,5,1702.22,1174.14,0.08
ORD5587,2022-11-10,CUST1048,PRD2140,North,Ahmedabad,2,490.59,217.36,0.27
ORD5588,2023-04-29,CUST1052,PRD2122,East,Bangalore,7,2766.81,1980.45,0.12
ORD5589,2022-07-10,CUST1041,PRD2097,South,Mumbai,3,377.72,54.68,0.24
ORD5590,2022-04-28,CUST1084,PRD2126,West,Bangalore,5,493.54,13.68,0.17
ORD5591,2023-04-11,CUST1102,PRD2067,North,Chennai,3,1011.06,811.34,0.08
ORD5592,2022-02-10,CUST1190,PRD2023,North,Jaipur,3,514.35,134.15,0.18
ORD5593,2022-12-01,CUST1097,PRD2138,East,Delhi,4,981.44,454.37,0.3
ORD5594,2023-07-12,CUST1016,PRD2098,West,Ahmedabad,2,548.58,359.8,0.27
ORD5595,2024-04-24,CUST1151,PRD2018,East,Delhi,5,1574.51,1239.98,0.05
ORD5596,2023-01-02,CUST1007,PRD2027,North,Delhi,5,1523.79,898.84,0.28
ORD5597,2023-02-28,CUST1163,PRD2117,East,Hyderabad,3,648.46,299.6,0.09
ORD5598,2022-05-04,CUST1090,PRD2116,East,Ahmedabad,2,807.35,398.92,0.29
ORD5599,2022-08-14,CUST1172,PRD2046,North,Ahmedabad,6,474.71,265.74,0.09
ORD5600,2023-09-08,CUST1138,PRD2004,West,Chennai,1,86.91,26.03,0.21
ORD5601,2023-08-06,CUST1168,PRD2045,North,Bangalore,6,1510.58,1151.44,0.12
ORD5602,2022-12-07,CUST1146,PRD2047,West,Ahmedabad,4,1445.3,1264.67,0.02
ORD5603,2023-09-22,CUST1182,PRD2101,South,Hyderabad,1,180.61,97.87,0.27
ORD5604,2023-03-20,CUST1150,PRD2142,East,Pune,9,3640.79,1788.04,0.3
ORD5605,2022-06-15,CUST1178,PRD2081,East,Jaipur,3,591.55,297.72,0.18
ORD5606,2023-04-10,CUST1003,PRD2134,West,Jaipur,3,704.05,408.11,0.23
ORD5607,2024-04-28,CUST1072,PRD2071,North,Mumbai,4,413.42,48.55,0.27
ORD5608,2024-03-29,CUST1080,PRD2112,West,Hyderabad,1,210.75,137.6,0.19
ORD5609,2022-08-31,CUST1146,PRD2062,East,Bangalore,6,695.17,217.76,0.06
ORD5610,2022-12-02,CUST1068,PRD2012,West,Pune,7,1768.78,765.08,0.27
ORD5611,2024-06-17,CUST1021,PRD2092,East,Bangalore,6,2790.8,2483.46,0.01
ORD5612,2023-01-09,CUST1053,PRD2137,West,Chennai,5,1109.02,390.66,0.26
ORD5613,2022-06-17,CUST1193,PRD2034,South,Mumbai,8,2272.82,1445.55,0.08
ORD5614,2023-02-27,CUST1046,PRD2018,West,Pune,2,966.7,779.58,0.05
ORD5615,2024-05-16,CUST1112,PRD2070,East,Mumbai,7,3261.06,2476.45,0.09
ORD5616,2024-02-14,CUST1035,PRD2024,North,Jaipur,5,1532.23,1005.89,0.26
ORD5617,2022-04-29,CUST1036,PRD2140,West,Delhi,8,2856.57,2077.08,0.15
ORD5618,2023-11-07,CUST1187,PRD2127,East,Mumbai,9,2381.21,948.89,0.27
ORD5619,2022-06-10,CUST1163,PRD2034,East,Hyderabad,2,565.26,356.29,0.24
ORD5620,2023-03-19,CUST1022,PRD2008,South,Ahmedabad,2,499.38,285.46,0.21
ORD5621,2022-10-07,CUST1127,PRD2003,East,Bangalore,6,2049.72,1217.85,0.13
ORD5622,2024-05-22,CUST1071,PRD2002,North,Delhi,2,614.78,418.43,0.11
ORD5623,2024-01-20,CUST1082,PRD2122,West,Pune,6,866.11,420.69,0.06
ORD5624,2023-10-24,CUST1167,PRD2144,South,Pune,7,394.45,-73.72,0.14
ORD5625,2024-03-01,CUST1123,PRD2143,West,Pune,6,1972.53,1260.48,0.22
ORD5626,2022-06-10,CUST1193,PRD2012,East,Jaipur,8,2370.81,1090.29,0.3
ORD5627,2022-07-20,CUST1033,PRD2038,West,Jaipur,3,385.5,131.1,0.09
ORD5628,2023-01-11,CUST1119,PRD2125,East,Ahmedabad,7,1564.77,854.15,0.16
ORD5629,2022-11-04,CUST1052,PRD2038,North,Mumbai,1,451.02,352.48,0.11
ORD5630,2024-04-24,CUST1157,PRD2012,East,Delhi,5,1005.82,533.29,0.06
ORD5631,2024-04-14,CUST1018,PRD2056,South,Jaipur,9,1257.8,940.61,0.02
ORD5632,2023-12-01,CUST1080,PRD2022,West,Ahmedabad,4,660.07,239.1,0.09
ORD5633,2022-12-27,CUST1051,PRD2147,South,Pune,2,418.41,275.13,0.23
ORD5634,2022-09-19,CUST1155,PRD2109,North,Hyderabad,4,1559.46,739.8,0.29
ORD5635,2022-11-28,CUST1078,PRD2021,North,Bangalore,4,884.35,544.86,0.24
ORD5636,2023-10-18,CUST1007,PRD2011,East,Ahmedabad,7,821.53,320.03,0.09
ORD5637,2024-01-11,CUST1033,PRD2081,South,Jaipur,8,3006.43,2017.29,0.2
ORD5638,2024-06-14,CUST1074,PRD2104,East,Mumbai,1,126.42,44.44,0.24
ORD5639,2022-06-17,CUST1092,PRD2017,South,Mumbai,6,2900.45,2253.4,0.08
ORD5640,2023-02-23,CUST1086,PRD2087,West,Mumbai,2,123.93,-53.21,0.14
ORD5641,2022-01-22,CUST1133,PRD2068,West,Delhi,9,2589.5,1580.94,0.15
ORD5642,2022-02-11,CUST1155,PRD2138,North,Bangalore,9,3105.76,1810.49,0.15
ORD5643,2023-03-11,CUST1146,PRD2136,West,Chennai,2,452.39,292.66,0.03
ORD5644,2022-08-31,CUST1099,PRD2081,North,Bangalore,3,1277.73,1149.57,0.04
ORD5645,2022-07-10,CUST1176,PRD2111,West,Bangalore,8,3213.85,2103.04,0.18
ORD5646,2022-07-19,CUST1164,PRD2144,South,Delhi,7,1705.72,951.66,0.11
ORD5647,2022-04-05,CUST1160,PRD2059,West,Jaipur,9,1602.53,286.5,0.26
ORD5648,2022-12-15,CUST1137,PRD2022,North,Bangalore,5,499.48,139.32,0.01
ORD5649,2022-03-05,CUST1012,PRD2100,West,Chennai,1,121.59,-3.26,0.25
ORD5650,2022-03-02,CUST1010,PRD2016,East,Mumbai,4,1236.29,657.62,0.17
ORD5651,2023-04-30,CUST1093,PRD2020,East,Bangalore,4,332.82,4.82,0.21
ORD5652,2022-07-18,CUST1139,PRD2036,North,Ahmedabad,1,230.09,126.61,0.26
ORD5653,2024-06-12,CUST1047,PRD2102,East,Jaipur,9,1011.21,273.4,0.27
ORD5654,2024-05-25,CUST1145,PRD2104,North,Delhi,7,610.0,-15.88,0.03
ORD5655,2023-07-25,CUST1140,PRD2099,West,Mumbai,2,367.01,219.0,0.14
ORD5656,2023-02-06,CUST1072,PRD2053,South,Mumbai,8,2494.67,1821.65,0.17
ORD5657,2022-03-05,CUST1099,PRD2108,North,Delhi,7,877.85,411.6,0.13
ORD5658,2023-06-21,CUST1161,PRD2136,West,Jaipur,8,1542.29,729.59,0.28
ORD5659,2022-10-13,CUST1035,PRD2017,West,Ahmedabad,3,1294.8,635.85,0.28
ORD5660,2024-06-02,CUST1171,PRD2148,South,Ahmedabad,8,1319.09,867.32,0.11
ORD5661,2022-03-12,CUST1064,PRD2099,West,Bangalore,5,647.48,283.47,0.17
ORD5662,2023-11-27,CUST1012,PRD2056,South,Ahmedabad,1,458.86,330.75,0.18
ORD5663,2022-10-07,CUST1137,PRD2052,South,Ahmedabad,5,491.84,37.23,0.11
ORD5664,2023-03-21,CUST1012,PRD2101,South,Ahmedabad,8,3942.62,2803.36,0.2
ORD5665,2024-03-23,CUST1080,PRD2099,North,Bangalore,3,898.28,614.9,0.21
ORD5666,2023-08-27,CUST1110,PRD2101,West,Ahmedabad,1,297.82,170.3,0.27
ORD5667,2023-04-02,CUST1115,PRD2023,West,Pune,9,1769.86,1266.03,0.06
ORD5668,2022-04-27,CUST1187,PRD2089,North,Chennai,6,1262.04,628.01,0.12
ORD5669,2023-09-08,CUST1118,PRD2015,West,Chennai,1,51.08,4.33,0.09
ORD5670,2023-12-20,CUST1185,PRD2026,North,Pune,6,2215.7,1475.84,0.08
ORD5671,2024-03-08,CUST1186,PRD2133,West,Hyderabad,7,2736.94,2070.31,0.17
ORD5672,2023-04-01,CUST1152,PRD2032,South,Jaipur,7,1978.83,957.67,0.23
ORD5673,2023-04-01,CUST1056,PRD2125,West,Delhi,5,1855.23,1220.45,0.08
ORD5674,2023-05-23,CUST1134,PRD2110,North,Hyderabad,3,664.29,282.83,0.21
ORD5675,2022-11-02,CUST1074,PRD2007,East,Mumbai,1,64.29,14.27,0.3
ORD5676,2023-10-12,CUST1199,PRD2044,East,Chennai,6,1033.18,718.46,0.14
ORD5677,2022-08-07,CUST1103,PRD2097,West,Delhi,2,604.87,253.95,0.29
ORD5678,2022-10-23,CUST1078,PRD2123,West,Pune,7,2734.51,1732.83,0.21
ORD5679,2022-02-12,CUST1003,PRD2089,North,Jaipur,8,1131.36,401.82,0.24
ORD5680,2023-02-24,CUST1132,PRD2055,South,Bangalore,4,489.4,211.4,0.08
ORD5681,2022-10-11,CUST1142,PRD2031,North,Mumbai,6,1222.71,822.32,0.12
ORD5682,2022-07-09,CUST1058,PRD2089,South,Mumbai,7,1728.62,1068.18,0.07
ORD5683,2023-01-24,CUST1025,PRD2024,East,Delhi,3,213.79,-146.26,0.29
ORD5684,2022-05-20,CUST1180,PRD2103,East,Jaipur,4,1039.04,732.64,0.16
ORD5685,2023-11-23,CUST1155,PRD2064,East,Chennai,1,376.54,256.76,0.13
ORD5686,2022-05-01,CUST1101,PRD2056,South,Pune,9,3072.49,1659.99,0.17
ORD5687,2023-06-05,CUST1025,PRD2113,West,Chennai,5,2322.38,1832.84,0.02
ORD5688,2023-12-31,CUST1104,PRD2053,South,Ahmedabad,1,431.77,260.98,0.25
ORD5689,2022-09-04,CUST1154,PRD2014,South,Delhi,5,261.94,103.37,0.02
ORD5690,2023-01-28,CUST1133,PRD2037,South,Pune,6,402.6,4.87,0.11
ORD5691,2024-01-19,CUST1077,PRD2045,South,Ahmedabad,3,444.38,302.31,0.03
ORD5692,2023-03-15,CUST1092,PRD2007,North,Hyderabad,1,201.54,140.24,0.04
ORD5693,2023-06-25,CUST1074,PRD2076,East,Jaipur,2,456.44,313.67,0.2
ORD5694,2022-01-02,CUST1155,PRD2069,West,Chennai,9,4271.55,3437.5,0.12
ORD5695,2024-01-07,CUST1098,PRD2047,West,Bangalore,8,524.39,292.73,0.01
ORD5696,2022-02-06,CUST1089,PRD2075,North,Pune,5,1132.0,639.45,0.14
ORD5697,2023-08-14,CUST1018,PRD2054,South,Pune,6,2191.68,1571.54,0.13
ORD5698,2024-03-29,CUST1153,PRD2133,West,Bangalore,4,1829.74,1690.76,0.03
ORD5699,2022-04-21,CUST1028,PRD2058,North,Bangalore,2,416.13,136.36,0.2
ORD5700,2023-11-09,CUST1042,PRD2079,South,Jaipur,2,329.54,73.36,0.28
ORD5701,2023-06-12,CUST1007,PRD2140,South,Hyderabad,8,3830.1,2417.94,0.22
ORD5702,2022-05-07,CUST1093,PRD2064,North,Bangalore,7,503.1,-184.19,0.18
ORD5703,2022-11-26,CUST1083,PRD2087,South,Delhi,2,693.8,544.79,0.11
ORD5704,2024-06-16,CUST1085,PRD2043,North,Pune,9,1645.45,1198.49,0.06
ORD5705,2023-02-01,CUST1035,PRD2100,West,Pune,5,2071.05,1817.26,0.05
ORD5706,2024-05-02,CUST1103,PRD2065,West,Hyderabad,7,729.76,279.35,0.15
ORD5707,2022-06-22,CUST1090,PRD2021,East,Mumbai,5,1253.13,681.15,0.2
ORD5708,2024-06-11,CUST1092,PRD2107,North,Ahmedabad,4,685.39,197.35,0.17
ORD5709,2024-02-16,CUST1154,PRD2033,North,Hyderabad,3,1055.62,689.63,0.28
ORD5710,2023-08-31,CUST1088,PRD2092,North,Bangalore,7,1382.5,645.4,0.05
ORD5711,2023-11-30,CUST1147,PRD2116,East,Mumbai,3,331.02,24.46,0.28
ORD5712,2022-08-06,CUST1102,PRD2090,South,Delhi,1,158.67,103.21,0.21
ORD5713,2023-07-29,CUST1115,PRD2092,North,Bangalore,4,1526.34,1012.19,0.19
ORD5714,2023-01-10,CUST1081,PRD2067,South,Mumbai,1,384.65,306.53,0.07
ORD5715,2022-03-14,CUST1057,PRD2108,West,Jaipur,4,1947.69,1076.81,0.29
ORD5716,2023-08-20,CUST1009,PRD2058,North,Delhi,9,2499.95,1756.36,0.09
ORD5717,2022-12-20,CUST1121,PRD2144,South,Hyderabad,6,722.6,311.63,0.27
ORD5718,2022-10-24,CUST1168,PRD2067,West,Bangalore,5,452.34,-108.46,0.21
ORD5719,2022-03-04,CUST1055,PRD2148,West,Pune,3,1318.3,921.27,0.24
ORD5720,2023-05-19,CUST1114,PRD2146,East,Jaipur,7,397.9,101.9,0.17
ORD5721,2022-02-26,CUST1070,PRD2039,North,Ahmedabad,5,2292.46,1852.52,0.11
ORD5722,2023-07-16,CUST1131,PRD2022,East,Pune,4,973.78,597.6,0.09
ORD5723,2023-03-18,CUST1115,PRD2108,North,Hyderabad,8,810.99,508.26,0.01
ORD5724,2022-05-31,CUST1146,PRD2111,South,Chennai,7,1437.2,914.66,0.13
ORD5725,2022-07-22,CUST1067,PRD2121,North,Mumbai,3,632.87,453.29,0.14
ORD5726,2022-12-02,CUST1194,PRD2110,East,Hyderabad,8,3178.79,2033.11,0.18
ORD5727,2022-03-17,CUST1190,PRD2023,South,Chennai,8,1391.25,981.08,0.03
ORD5728,2022-03-24,CUST1066,PRD2033,North,Jaipur,9,4131.69,3288.46,0.13
ORD5729,2022-08-16,CUST1180,PRD2115,North,Delhi,7,3287.88,2405.98,0.14
ORD5730,2023-12-21,CUST1094,PRD2061,North,Delhi,9,2507.0,1723.47,0.12
ORD5731,2023-08-06,CUST1187,PRD2053,North,Mumbai,6,1160.55,398.33,0.17
ORD5732,2023-06-15,CUST1137,PRD2134,South,Delhi,7,882.5,491.28,0.21
ORD5733,2023-11-05,CUST1060,PRD2002,South,Jaipur,3,1349.53,866.21,0.2
ORD5734,2023-12-14,CUST1195,PRD2075,East,Jaipur,6,846.57,435.32,0.04
ORD5735,2023-07-20,CUST1163,PRD2140,South,Pune,7,1149.01,720.49,0.07
ORD5736,2023-03-18,CUST1029,PRD2100,West,Bangalore,9,1285.76,762.45,0.2
ORD5737,2022-10-05,CUST1178,PRD2125,West,Jaipur,6,1603.04,1046.72,0.18
ORD5738,2023-05-16,CUST1015,PRD2021,South,Delhi,5,1425.83,870.69,0.25
ORD5739,2022-09-07,CUST1199,PRD2015,East,Pune,7,2242.35,1412.56,0.16
ORD5740,2023-02-18,CUST1031,PRD2008,East,Hyderabad,1,354.88,252.44,0.14
ORD5741,2023-05-13,CUST1009,PRD2016,West,Chennai,4,859.45,510.21,0.24
ORD5742,2022-08-08,CUST1110,PRD2122,North,Ahmedabad,5,614.61,236.5,0.22
ORD5743,2022-05-11,CUST1064,PRD2050,North,Mumbai,4,1890.91,1317.79,0.15
ORD5744,2022-03-05,CUST1126,PRD2087,West,Jaipur,2,519.69,411.12,0.09
ORD5745,2022-06-05,CUST1095,PRD2122,North,Jaipur,6,2592.17,1658.19,0.14
ORD5746,2024-04-12,CUST1150,PRD2121,North,Ahmedabad,7,1382.51,750.74,0.15
ORD5747,2023-10-14,CUST1056,PRD2080,East,Mumbai,2,620.14,439.16,0.21
ORD5748,2023-11-12,CUST1072,PRD2140,South,Chennai,6,2547.42,1531.0,0.26
ORD5749,2024-02-20,CUST1051,PRD2002,East,Mumbai,1,293.49,147.3,0.16
ORD5750,2022-03-05,CUST1075,PRD2111,West,Mumbai,7,3107.39,1708.08,0.3
ORD5751,2022-12-02,CUST1080,PRD2014,West,Hyderabad,4,1693.6,1218.81,0.07
ORD5752,2022-08-24,CUST1127,PRD2145,East,Bangalore,1,443.71,326.94,0.1
ORD5753,2022-11-05,CUST1115,PRD2077,South,Pune,1,193.88,57.12,0.2
ORD5754,2023-09-11,CUST1188,PRD2131,East,Delhi,8,1308.34,637.3,0.04
ORD5755,2023-03-14,CUST1082,PRD2133,North,Mumbai,9,1572.05,679.41,0.05
ORD5756,2023-05-05,CUST1167,PRD2082,North,Delhi,5,1125.04,708.95,0.24
ORD5757,2022-06-08,CUST1026,PRD2079,West,Delhi,6,1375.84,922.68,0.13
ORD5758,2023-08-09,CUST1063,PRD2146,West,Jaipur,9,1230.51,372.23,0.26
ORD5759,2022-12-13,CUST1195,PRD2001,South,Bangalore,8,1757.91,529.95,0.25
ORD5760,2024-01-14,CUST1056,PRD2071,South,Hyderabad,7,1733.63,1309.25,0.06
ORD5761,2022-09-10,CUST1118,PRD2113,East,Bangalore,7,3241.59,2623.78,0.14
ORD5762,2023-12-26,CUST1071,PRD2123,North,Chennai,1,356.34,250.23,0.08
ORD5763,2023-12-15,CUST1125,PRD2052,East,Chennai,5,1876.08,1393.2,0.13
ORD5764,2022-02-14,CUST1144,PRD2133,North,Mumbai,1,365.21,256.69,0.13
ORD5765,2023-06-19,CUST1155,PRD2077,South,Hyderabad,5,767.13,431.01,0.27
ORD5766,2022-12-21,CUST1058,PRD2032,West,Mumbai,2,453.87,230.71,0.08
ORD5767,2022-07-10,CUST1018,PRD2122,South,Jaipur,2,292.49,229.22,0.04
ORD5768,2024-01-21,CUST1166,PRD2032,South,Jaipur,4,1445.05,908.73,0.21
ORD5769,2023-10-24,CUST1078,PRD2013,East,Hyderabad,7,1306.9,303.68,0.28
ORD5770,2022-10-24,CUST1053,PRD2147,South,Jaipur,8,3838.83,2937.28,0.08
ORD5771,2022-11-24,CUST1104,PRD2056,South,Ahmedabad,8,1651.32,1139.76,0.1
ORD5772,2024-05-21,CUST1156,PRD2016,South,Pune,2,432.09,262.03,0.07
ORD5773,2022-06-21,CUST1068,PRD2061,North,Pune,9,3163.64,2681.88,0.03
ORD5774,2023-10-04,CUST1168,PRD2070,South,Pune,3,553.25,218.0,0.07
ORD5775,2022-11-08,CUST1088,PRD2034,West,Hyderabad,2,381.08,214.16,0.16
ORD5776,2022-10-19,CUST1073,PRD2021,East,Bangalore,7,2494.26,2075.58,0.09
ORD5777,2023-12-26,CUST1156,PRD2019,South,Chennai,9,3514.49,2349.74,0.22
ORD5778,2022-04-15,CUST1107,PRD2146,East,Jaipur,4,657.44,398.52,0.22
ORD5779,2022-07-10,CUST1065,PRD2052,South,Bangalore,2,913.66,694.28,0.03
ORD5780,2023-02-08,CUST1133,PRD2026,North,Hyderabad,9,2730.79,1319.54,0.23
ORD5781,2022-09-16,CUST1047,PRD2069,East,Chennai,9,2281.91,1477.5,0.25
ORD5782,2023-01-16,CUST1058,PRD2001,North,Bangalore,4,1794.82,1589.87,0.04
ORD5783,2023-12-13,CUST1153,PRD2009,East,Bangalore,5,1434.6,605.51,0.24
ORD5784,2022-06-19,CUST1149,PRD2047,East,Hyderabad,5,1300.7,1065.83,0.02
ORD5785,2022-03-04,CUST1021,PRD2099,South,Mumbai,2,602.35,391.56,0.1
ORD5786,2022-04-12,CUST1027,PRD2112,East,Mumbai,4,1695.84,1120.78,0.29
ORD5787,2024-02-17,CUST1136,PRD2082,South,Chennai,1,163.86,115.41,0.09
ORD5788,2022-06-22,CUST1072,PRD2045,West,Ahmedabad,6,1315.24,894.4,0.09
ORD5789,2022-01-01,CUST1144,PRD2073,East,Ahmedabad,2,898.03,646.67,0.2
ORD5790,2022-05-16,CUST1177,PRD2084,West,Jaipur,9,3610.14,2743.81,0.01
ORD5791,2022-03-27,CUST1014,PRD2131,East,Pune,9,2016.21,1689.12,0.01
ORD5792,2022-06-20,CUST1146,PRD2091,East,Mumbai,1,292.62,214.67,0.07
ORD5793,2022-04-15,CUST1040,PRD2038,North,Jaipur,1,108.73,26.62,0.22
ORD5794,2022-02-22,CUST1110,PRD2046,North,Ahmedabad,1,241.12,193.37,0.01
ORD5795,2023-04-28,CUST1068,PRD2042,West,Bangalore,2,500.07,185.4,0.26
ORD5796,2024-05-04,CUST1060,PRD2061,East,Hyderabad,1,51.82,-30.03,0.04
ORD5797,2024-06-10,CUST1081,PRD2093,South,Pune,7,1897.22,1068.33,0.14
ORD5798,2022-02-07,CUST1037,PRD2126,West,Bangalore,3,1331.31,957.54,0.14
ORD5799,2023-01-22,CUST1062,PRD2076,South,Bangalore,8,754.25,-132.41,0.13
ORD5800,2023-07-29,CUST1101,PRD2064,West,Bangalore,7,864.02,501.31,0.19
ORD5801,2022-07-19,CUST1007,PRD2072,East,Mumbai,6,1475.82,1029.79,0.17
ORD5802,2022-08-12,CUST1038,PRD2112,South,Delhi,1,417.97,213.26,0.26
ORD5803,2022-01-21,CUST1136,PRD2081,East,Delhi,8,2900.33,1509.5,0.24
ORD5804,2023-07-25,CUST1001,PRD2057,South,Hyderabad,6,2991.71,1700.0,0.27
ORD5805,2022-07-05,CUST1163,PRD2113,East,Chennai,5,596.11,41.58,0.21
ORD5806,2023-11-24,CUST1017,PRD2097,West,Bangalore,6,2335.04,1620.79,0.15
ORD5807,2022-02-14,CUST1185,PRD2003,West,Jaipur,6,1654.13,810.82,0.22
ORD5808,2023-02-21,CUST1060,PRD2106,West,Chennai,6,1068.91,600.73,0.08
ORD5809,2024-04-09,CUST1128,PRD2054,South,Ahmedabad,3,525.24,276.91,0.1
ORD5810,2022-12-20,CUST1120,PRD2128,South,Delhi,6,856.79,312.72,0.11
ORD5811,2023-02-13,CUST1156,PRD2132,South,Chennai,1,313.44,199.95,0.16
ORD5812,2022-01-11,CUST1020,PRD2108,East,Bangalore,4,308.01,74.37,0.18
ORD5813,2023-01-20,CUST1195,PRD2068,West,Chennai,1,323.82,198.5,0.21
ORD5814,2024-02-05,CUST1187,PRD2026,South,Jaipur,8,1075.26,711.19,0.07
ORD5815,2024-01-09,CUST1152,PRD2020,West,Mumbai,4,1041.48,532.23,0.2
ORD5816,2023-06-12,CUST1054,PRD2045,West,Delhi,7,3266.74,2287.75,0.13
ORD5817,2023-02-12,CUST1035,PRD2109,South,Pune,1,96.8,9.15,0.09
ORD5818,2022-07-18,CUST1038,PRD2079,North,Delhi,1,51.43,-17.82,0.17
ORD5819,2023-02-21,CUST1060,PRD2136,East,Delhi,6,1570.42,990.64,0.14
ORD5820,2022-02-22,CUST1034,PRD2038,North,Ahmedabad,6,1172.42,471.62,0.16
ORD5821,2022-07-13,CUST1004,PRD2086,West,Jaipur,1,409.75,244.27,0.29
ORD5822,2024-04-23,CUST1194,PRD2056,North,Delhi,6,1119.17,438.36,0.17
ORD5823,2024-04-01,CUST1164,PRD2086,East,Hyderabad,4,1547.68,1239.19,0.04
ORD5824,2024-01-22,CUST1150,PRD2044,East,Hyderabad,1,173.25,71.01,0.19
ORD5825,2022-12-05,CUST1084,PRD2133,South,Ahmedabad,2,755.93,583.01,0.15
ORD5826,2023-06-06,CUST1032,PRD2125,South,Pune,3,1102.83,818.58,0.16
ORD5827,2023-08-10,CUST1137,PRD2114,South,Mumbai,4,1250.59,1020.11,0.05
ORD5828,2023-06-27,CUST1027,PRD2010,East,Jaipur,7,1904.44,1185.01,0.09
ORD5829,2022-07-30,CUST1126,PRD2146,East,Ahmedabad,6,2853.16,2500.07,0.0
ORD5830,2022-01-10,CUST1155,PRD2071,East,Mumbai,9,2823.71,1616.68,0.18
ORD5831,2024-01-04,CUST1189,PRD2018,South,Hyderabad,3,1279.23,718.28,0.22
ORD5832,2023-04-13,CUST1174,PRD2097,North,Ahmedabad,3,559.34,306.81,0.3
ORD5833,2023-12-09,CUST1128,PRD2092,North,Hyderabad,1,128.09,20.92,0.25
ORD5834,2023-10-10,CUST1060,PRD2038,South,Mumbai,8,676.75,27.09,0.05
ORD5835,2022-06-15,CUST1070,PRD2012,South,Mumbai,5,1871.0,1033.69,0.26
ORD5836,2022-03-12,CUST1194,PRD2006,East,Delhi,1,497.87,413.74,0.11
ORD5837,2023-10-04,CUST1192,PRD2061,East,Mumbai,1,489.8,376.49,0.09
ORD5838,2022-03-25,CUST1130,PRD2028,East,Hyderabad,5,1016.92,656.44,0.16
ORD5839,2023-09-25,CUST1025,PRD2123,South,Chennai,9,1798.65,799.91,0.17
ORD5840,2023-03-16,CUST1072,PRD2119,North,Delhi,8,1033.44,234.72,0.19
ORD5841,2022-11-21,CUST1085,PRD2079,East,Chennai,9,2149.31,1288.67,0.22
ORD5842,2023-10-26,CUST1178,PRD2117,East,Ahmedabad,9,1610.68,760.94,0.09
ORD5843,2023-11-25,CUST1156,PRD2082,South,Mumbai,3,575.55,162.09,0.29
ORD5844,2022-07-17,CUST1172,PRD2014,East,Delhi,3,597.54,364.9,0.02
ORD5845,2023-04-29,CUST1173,PRD2029,West,Pune,9,2271.97,1416.12,0.01
ORD5846,2024-02-27,CUST1178,PRD2127,West,Hyderabad,2,455.51,276.26,0.03
ORD5847,2022-05-31,CUST1021,PRD2005,West,Chennai,9,800.46,265.88,0.13
ORD5848,2023-10-11,CUST1078,PRD2115,North,Delhi,9,2133.39,1770.08,0.07
ORD5849,2022-02-13,CUST1081,PRD2065,East,Chennai,6,1291.46,756.44,0.22
ORD5850,2023-10-23,CUST1191,PRD2122,East,Bangalore,3,373.32,220.89,0.08
ORD5851,2023-09-01,CUST1181,PRD2063,East,Jaipur,8,2812.56,1991.14,0.07
ORD5852,2023-01-27,CUST1061,PRD2131,East,Pune,4,878.73,427.56,0.07
ORD5853,2023-11-17,CUST1106,PRD2095,South,Hyderabad,2,590.47,422.7,0.04
ORD5854,2022-09-06,CUST1048,PRD2136,North,Hyderabad,2,840.92,615.77,0.22
ORD5855,2022-06-17,CUST1047,PRD2135,South,Pune,9,2543.01,2245.67,0.03
ORD5856,2023-03-25,CUST1100,PRD2111,West,Pune,7,3167.34,2531.4,0.0
ORD5857,2022-03-19,CUST1098,PRD2043,West,Mumbai,7,891.75,248.28,0.2
ORD5858,2024-03-02,CUST1126,PRD2133,West,Jaipur,1,94.01,8.11,0.14
ORD5859,2022-07-10,CUST1130,PRD2020,South,Delhi,4,1711.34,1407.11,0.08
ORD5860,2022-10-26,CUST1061,PRD2075,West,Hyderabad,6,2105.9,1412.81,0.16
ORD5861,2023-05-17,CUST1103,PRD2058,West,Delhi,9,2008.92,801.13,0.29
ORD5862,2024-05-14,CUST1186,PRD2129,South,Pune,1,81.66,43.39,0.14
ORD5863,2023-06-17,CUST1177,PRD2139,South,Jaipur,3,1034.13,710.2,0.19
ORD5864,2024-06-14,CUST1145,PRD2061,West,Ahmedabad,1,456.43,249.29,0.29
ORD5865,2022-09-12,CUST1037,PRD2060,South,Delhi,1,174.43,60.68,0.21
ORD5866,2024-04-28,CUST1155,PRD2148,East,Ahmedabad,4,627.5,270.49,0.26
ORD5867,2023-03-25,CUST1073,PRD2131,East,Ahmedabad,7,2192.19,1668.06,0.16
ORD5868,2022-02-23,CUST1083,PRD2100,West,Mumbai,4,1185.08,1005.0,0.02
ORD5869,2022-03-29,CUST1027,PRD2135,North,Jaipur,1,475.08,333.78,0.18
ORD5870,2022-04-27,CUST1021,PRD2069,West,Bangalore,5,1324.04,628.28,0.2
ORD5871,2022-07-21,CUST1078,PRD2004,South,Pune,8,2466.24,1977.33,0.13
ORD5872,2022-11-17,CUST1175,PRD2133,West,Ahmedabad,9,890.26,212.39,0.15
ORD5873,2023-10-27,CUST1186,PRD2103,South,Pune,6,1036.68,433.29,0.02
ORD5874,2022-02-10,CUST1007,PRD2074,South,Delhi,1,95.83,74.25,0.0
ORD5875,2023-01-18,CUST1037,PRD2026,West,Bangalore,4,260.44,-90.84,0.19
ORD5876,2023-10-21,CUST1188,PRD2030,North,Bangalore,3,1338.07,1018.09,0.06
ORD5877,2022-01-12,CUST1162,PRD2094,East,Chennai,1,272.96,188.46,0.13
ORD5878,2022-06-17,CUST1186,PRD2148,South,Bangalore,3,583.94,339.96,0.21
ORD5879,2023-04-11,CUST1157,PRD2047,East,Ahmedabad,5,1973.51,1168.73,0.19
ORD5880,2024-04-19,CUST1165,PRD2113,West,Chennai,1,387.41,296.56,0.14
ORD5881,2022-01-09,CUST1159,PRD2098,West,Delhi,3,538.79,416.39,0.1
ORD5882,2023-03-12,CUST1084,PRD2124,North,Chennai,3,402.03,235.89,0.07
ORD5883,2022-03-02,CUST1060,PRD2028,East,Pune,3,1256.68,910.22,0.08
ORD5884,2023-12-22,CUST1073,PRD2060,West,Hyderabad,9,3165.41,2279.45,0.04
ORD5885,2024-03-02,CUST1086,PRD2138,East,Chennai,2,485.02,379.86,0.02
ORD5886,2022-05-09,CUST1196,PRD2058,East,Delhi,5,773.33,583.79,0.11
ORD5887,2022-08-03,CUST1011,PRD2049,South,Mumbai,4,1384.14,888.21,0.11
ORD5888,2023-05-01,CUST1169,PRD2013,East,Jaipur,2,565.12,370.15,0.14
ORD5889,2022-12-13,CUST1181,PRD2119,East,Delhi,7,1026.72,764.01,0.06
ORD5890,2024-05-24,CUST1171,PRD2132,North,Bangalore,7,1216.76,247.0,0.26
ORD5891,2023-05-08,CUST1088,PRD2149,North,Hyderabad,3,1489.61,1187.29,0.07
ORD5892,2023-10-23,CUST1070,PRD2003,East,Hyderabad,1,342.06,188.27,0.29
ORD5893,2023-10-17,CUST1149,PRD2092,West,Pune,2,873.08,669.87,0.13
ORD5894,2022-01-11,CUST1111,PRD2118,South,Chennai,8,2514.74,1563.78,0.18
ORD5895,2022-08-03,CUST1165,PRD2130,South,Ahmedabad,8,916.91,395.15,0.29
ORD5896,2023-03-28,CUST1012,PRD2065,North,Ahmedabad,5,558.1,-11.45,0.27
ORD5897,2022-06-03,CUST1065,PRD2035,South,Bangalore,6,2562.85,1709.86,0.13
ORD5898,2024-02-05,CUST1199,PRD2107,East,Ahmedabad,8,619.86,79.03,0.27
ORD5899,2022-05-15,CUST1147,PRD2007,South,Ahmedabad,8,869.99,412.65,0.28
ORD5900,2024-06-19,CUST1127,PRD2083,East,Hyderabad,4,1221.44,853.8,0.02
ORD5901,2023-12-24,CUST1173,PRD2061,West,Delhi,7,1041.57,702.8,0.11
ORD5902,2023-07-17,CUST1186,PRD2087,East,Bangalore,9,4439.47,3505.23,0.1
ORD5903,2023-11-14,CUST1036,PRD2118,West,Jaipur,9,1361.09,581.32,0.26
ORD5904,2023-04-10,CUST1094,PRD2116,West,Jaipur,4,1268.97,801.82,0.26
ORD5905,2023-12-13,CUST1052,PRD2118,North,Hyderabad,1,459.7,295.81,0.27
ORD5906,2022-11-11,CUST1041,PRD2093,South,Bangalore,3,1044.43,665.15,0.14
ORD5907,2022-04-21,CUST1097,PRD2070,East,Chennai,2,148.46,94.62,0.03
ORD5908,2022-12-19,CUST1049,PRD2101,South,Hyderabad,8,3259.08,1928.5,0.17
ORD5909,2023-10-19,CUST1051,PRD2014,West,Bangalore,5,1496.83,954.92,0.13
ORD5910,2024-06-18,CUST1036,PRD2125,West,Hyderabad,9,616.4,-358.06,0.14
ORD5911,2023-04-25,CUST1039,PRD2055,West,Bangalore,7,2771.38,2177.59,0.14
ORD5912,2024-06-05,CUST1109,PRD2135,West,Pune,8,1707.44,964.22,0.04
ORD5913,2023-01-13,CUST1038,PRD2027,West,Delhi,1,314.09,255.61,0.12
ORD5914,2023-12-05,CUST1012,PRD2035,South,Ahmedabad,5,555.77,81.6,0.02
ORD5915,2024-01-14,CUST1003,PRD2081,East,Hyderabad,6,509.99,102.81,0.15
ORD5916,2022-09-20,CUST1126,PRD2119,South,Pune,7,3292.66,2318.03,0.18
ORD5917,2022-10-21,CUST1030,PRD2118,West,Ahmedabad,5,1295.42,992.47,0.15
ORD5918,2024-02-08,CUST1009,PRD2127,East,Chennai,8,3997.86,2571.97,0.22
ORD5919,2023-07-25,CUST1111,PRD2059,North,Mumbai,7,2671.05,2030.75,0.13
ORD5920,2022-02-26,CUST1056,PRD2105,West,Pune,5,1372.59,483.45,0.3
ORD5921,2023-02-15,CUST1008,PRD2021,West,Pune,9,3021.85,1899.21,0.12
ORD5922,2023-09-13,CUST1114,PRD2144,East,Delhi,7,2006.52,1422.83,0.03
ORD5923,2023-01-05,CUST1080,PRD2031,West,Chennai,9,4216.88,3113.39,0.05
ORD5924,2022-11-20,CUST1081,PRD2076,East,Chennai,9,2472.45,1750.7,0.06
ORD5925,2023-03-19,CUST1171,PRD2037,West,Jaipur,3,468.32,146.83,0.1
ORD5926,2023-01-05,CUST1047,PRD2017,East,Chennai,7,664.35,-31.18,0.22
ORD5927,2023-01-15,CUST1186,PRD2088,North,Delhi,8,1822.95,920.45,0.1
ORD5928,2023-01-21,CUST1080,PRD2133,North,Mumbai,3,812.37,347.02,0.23
ORD5929,2024-05-23,CUST1187,PRD2089,West,Chennai,6,2522.64,1736.57,0.16
ORD5930,2024-02-09,CUST1038,PRD2071,North,Hyderabad,9,3010.68,1762.63,0.12
ORD5931,2024-03-27,CUST1186,PRD2119,South,Bangalore,5,1856.9,1377.0,0.02
ORD5932,2022-06-18,CUST1155,PRD2130,South,Hyderabad,6,1395.74,735.0,0.21
ORD5933,2024-03-11,CUST1149,PRD2095,West,Jaipur,6,1964.71,1159.19,0.21
ORD5934,2023-10-08,CUST1071,PRD2061,South,Ahmedabad,9,3468.86,2345.61,0.1
ORD5935,2022-03-02,CUST1031,PRD2098,West,Bangalore,3,1275.29,947.49,0.2
ORD5936,2022-11-29,CUST1075,PRD2058,South,Chennai,5,2230.08,1735.59,0.06
ORD5937,2022-07-24,CUST1088,PRD2126,East,Ahmedabad,9,3825.97,3355.56,0.07
ORD5938,2024-04-13,CUST1083,PRD2126,West,Delhi,6,2681.82,1509.76,0.28
ORD5939,2022-03-31,CUST1044,PRD2126,North,Chennai,2,431.98,146.51,0.26
ORD5940,2022-08-12,CUST1080,PRD2128,West,Pune,1,395.67,302.27,0.18
ORD5941,2024-03-25,CUST1071,PRD2108,South,Hyderabad,7,585.44,295.3,0.21
ORD5942,2023-10-26,CUST1007,PRD2058,North,Mumbai,7,2761.87,2142.14,0.14
ORD5943,2023-12-21,CUST1155,PRD2015,South,Ahmedabad,7,985.17,430.13,0.25
ORD5944,2022-02-15,CUST1144,PRD2029,North,Hyderabad,7,1943.19,1656.3,0.07
ORD5945,2022-09-04,CUST1093,PRD2081,South,Delhi,5,2265.12,2022.69,0.05
ORD5946,2022-09-23,CUST1111,PRD2054,West,Bangalore,1,251.97,214.2,0.01
ORD5947,2022-02-13,CUST1115,PRD2142,West,Pune,9,4122.97,2735.08,0.25
ORD5948,2023-04-05,CUST1107,PRD2052,West,Chennai,7,2923.4,2539.68,0.04
ORD5949,2022-10-20,CUST1157,PRD2056,North,Ahmedabad,4,1025.61,630.66,0.12
ORD5950,2022-05-03,CUST1110,PRD2000,East,Pune,3,1349.52,1095.65,0.11
ORD5951,2022-01-11,CUST1008,PRD2031,North,Ahmedabad,1,439.44,303.57,0.18
ORD5952,2023-05-20,CUST1184,PRD2135,East,Ahmedabad,8,1290.56,444.07,0.23
ORD5953,2022-02-23,CUST1011,PRD2064,South,Ahmedabad,8,2858.91,2354.93,0.03
ORD5954,2023-02-01,CUST1114,PRD2138,East,Jaipur,7,3385.88,3049.28,0.05
ORD5955,2023-04-06,CUST1016,PRD2084,East,Hyderabad,8,1557.19,1207.26,0.12
ORD5956,2023-06-05,CUST1133,PRD2085,South,Delhi,2,118.26,-16.77,0.17
ORD5957,2022-06-21,CUST1191,PRD2053,North,Mumbai,8,509.67,281.8,0.05
ORD5958,2023-02-10,CUST1114,PRD2138,North,Delhi,8,1088.94,575.22,0.28
ORD5959,2024-05-21,CUST1114,PRD2062,East,Jaipur,8,2899.74,1708.89,0.3
ORD5960,2023-08-03,CUST1155,PRD2016,East,Hyderabad,6,695.54,208.88,0.04
ORD5961,2024-05-09,CUST1027,PRD2037,North,Bangalore,7,1990.31,1303.42,0.26
ORD5962,2022-11-21,CUST1067,PRD2042,South,Delhi,4,402.95,95.28,0.03
ORD5963,2023-08-31,CUST1051,PRD2057,North,Chennai,1,137.09,57.07,0.25
ORD5964,2022-05-06,CUST1187,PRD2082,South,Hyderabad,3,1384.87,1253.16,0.02
ORD5965,2023-11-15,CUST1183,PRD2027,South,Pune,1,308.76,240.78,0.09
ORD5966,2023-07-15,CUST1047,PRD2039,East,Chennai,1,227.74,106.36,0.29
ORD5967,2022-10-18,CUST1199,PRD2113,South,Chennai,4,928.77,584.18,0.16
ORD5968,2022-09-01,CUST1154,PRD2136,West,Jaipur,8,3313.34,2020.79,0.16
ORD5969,2023-05-11,CUST1118,PRD2141,East,Pune,9,1624.34,593.19,0.13
ORD5970,2024-04-24,CUST1066,PRD2117,South,Chennai,9,1251.8,716.53,0.14
ORD5971,2023-06-22,CUST1191,PRD2103,East,Hyderabad,3,205.56,-36.77,0.27
ORD5972,2024-03-11,CUST1004,PRD2026,East,Bangalore,1,122.12,42.03,0.09
ORD5973,2023-09-27,CUST1104,PRD2043,East,Jaipur,2,784.92,547.06,0.18
ORD5974,2022-10-31,CUST1177,PRD2083,West,Jaipur,7,3476.54,2915.98,0.12
ORD5975,2024-03-11,CUST1175,PRD2111,South,Mumbai,1,262.67,149.48,0.13
ORD5976,2023-06-29,CUST1065,PRD2130,North,Chennai,5,1457.47,916.83,0.09
ORD5977,2022-01-28,CUST1176,PRD2115,North,Ahmedabad,6,2799.75,1964.45,0.16
ORD5978,2023-08-03,CUST1115,PRD2037,East,Ahmedabad,4,415.33,230.99,0.25
ORD5979,2022-03-16,CUST1024,PRD2020,North,Pune,8,2847.93,2013.41,0.07
ORD5980,2023-05-29,CUST1132,PRD2069,East,Hyderabad,1,320.02,273.64,0.05
ORD5981,2022-12-16,CUST1107,PRD2046,West,Bangalore,7,2713.36,1614.03,0.29
ORD5982,2022-09-01,CUST1017,PRD2148,South,Hyderabad,3,1485.62,1054.31,0.14
ORD5983,2022-09-30,CUST1150,PRD2039,South,Mumbai,2,256.38,199.89,0.04
ORD5984,2023-03-13,CUST1179,PRD2060,South,Delhi,5,1067.94,591.93,0.16
ORD5985,2024-01-05,CUST1180,PRD2054,West,Bangalore,5,700.61,276.07,0.25
ORD5986,2022-01-16,CUST1101,PRD2092,North,Bangalore,5,1430.58,1087.37,0.01
ORD5987,2024-05-20,CUST1001,PRD2103,South,Bangalore,3,728.61,554.9,0.09
ORD5988,2022-05-12,CUST1107,PRD2075,South,Delhi,7,3053.79,1748.83,0.23
ORD5989,2022-09-30,CUST1122,PRD2124,West,Pune,6,2081.47,1390.76,0.21
ORD5990,2022-10-31,CUST1093,PRD2102,West,Jaipur,5,1036.99,329.9,0.2
ORD5991,2022-11-12,CUST1161,PRD2030,North,Chennai,4,812.98,371.73,0.2
ORD5992,2022-01-21,CUST1128,PRD2021,North,Jaipur,8,2176.93,1894.67,0.04
ORD5993,2022-02-28,CUST1128,PRD2064,East,Pune,9,4290.18,2811.2,0.29
ORD5994,2022-04-18,CUST1181,PRD2148,South,Ahmedabad,1,125.44,56.34,0.23
ORD5995,2022-03-23,CUST1098,PRD2007,North,Ahmedabad,1,265.39,161.02,0.28
ORD5996,2023-03-03,CUST1089,PRD2140,South,Mumbai,1,77.76,25.99,0.12
ORD5997,2022-04-07,CUST1077,PRD2005,South,Ahmedabad,3,164.09,40.12,0.16
ORD5998,2024-05-03,CUST1071,PRD2142,North,Bangalore,6,1276.72,658.28,0.11
ORD5999,2022-01-17,CUST1012,PRD2059,North,Ahmedabad,6,2859.62,1442.41,0.29
